"No.","Time","Source","Destination","Protocol","Length","Info"
"1","07:25:23.616000","0x0000","0xf919","ZigBee","53","Data, Dst: 0xf919, Src: 0x0000"
"2","07:25:23.616547","","","IEEE 802.15.4","3","Ack"
"3","07:25:23.628923","0xf919","0x0000","ZigBee","53","Command, Dst: 0x0000, Src: 0xf919"
"4","07:25:23.629467","","","IEEE 802.15.4","3","Ack"
"5","07:25:23.652014","0xf919","0x0000","ZigBee","53","Command, Dst: 0x0000, Src: 0xf919"
"6","07:25:23.652558","","","IEEE 802.15.4","3","Ack"
"7","07:25:23.674802","0xf919","0x0000","ZigBee","43","Data, Dst: 0x0000, Src: 0xf919"
"8","07:25:23.675346","","","IEEE 802.15.4","3","Ack"
"9","07:25:23.697653","0xf919","0x0000","ZigBee","45","Data, Dst: 0x0000, Src: 0xf919"
"10","07:25:23.698197","","","IEEE 802.15.4","3","Ack"
"11","07:25:26.110500","","Broadcast","IEEE 802.15.4","8","Beacon Request"
"12","07:25:26.112616","0x90f7","","ZigBee","26","Beacon, Src: 0x90f7, EPID: 81:c5:67:07:37:9e:7e:0e"
"13","07:25:26.204460","0x0000","","ZigBee","26","Beacon, Src: 0x0000, EPID: 81:c5:67:07:37:9e:7e:0e"
"14","07:25:26.293876","0xf919","Broadcast","ZigBee","55","Data, Dst: Broadcast, Src: 0xf919"
"15","07:25:26.303784","0x0000","Broadcast","ZigBee","49","Command, Dst: Broadcast, Src: 0x0000"
"16","07:25:26.340418","0xf919","Broadcast","ZigBee","55","Data, Dst: Broadcast, Src: 0xf919"
"17","07:25:26.354798","0x0000","0xf919","ZigBee","46","Data, Dst: 0xf919, Src: 0x0000"
"18","07:25:26.355346","","","IEEE 802.15.4","3","Ack"
"19","07:25:26.387590","0x0000","Broadcast","ZigBee","41","Command, Dst: Broadcast, Src: 0x0000"
"20","07:25:26.410009","0xf919","Broadcast","ZigBee","49","Command, Dst: Broadcast, Src: 0xf919"
"21","07:25:26.416387","0x0000","0xf919","ZigBee","75","Command, Dst: 0xf919, Src: 0x0000"
"22","07:25:26.416935","","","IEEE 802.15.4","3","Ack"
"23","07:25:26.423111","0xf919","Broadcast","ZigBee","41","Command, Dst: Broadcast, Src: 0xf919"
"24","07:25:26.574011","0x0000","Broadcast","ZigBee","49","Command, Dst: Broadcast, Src: 0x0000"
"25","07:25:26.717406","0xf919","Broadcast","ZigBee","49","Command, Dst: Broadcast, Src: 0xf919"
"26","07:25:26.719394","0xf919","Broadcast","ZigBee","41","Command, Dst: Broadcast, Src: 0xf919"
"27","07:25:26.805146","0xf919","Broadcast","ZigBee","55","Data, Dst: Broadcast, Src: 0xf919"
"28","07:25:26.824108","0x0000","0xf919","ZigBee","75","Command, Dst: 0xf919, Src: 0x0000"
"29","07:25:26.824656","","","IEEE 802.15.4","3","Ack"
"30","07:25:26.951574","0x0000","Broadcast","ZigBee","49","Command, Dst: Broadcast, Src: 0x0000"
"31","07:25:27.034234","0xf919","Broadcast","ZigBee","41","Command, Dst: Broadcast, Src: 0xf919"
"32","07:25:27.231362","0x0000","0xf919","ZigBee","75","Command, Dst: 0xf919, Src: 0x0000"
"33","07:25:27.235601","0x0000","0xf919","ZigBee","75","Command, Dst: 0xf919, Src: 0x0000"
"34","07:25:27.241095","0x0000","0xf919","ZigBee","75","Command, Dst: 0xf919, Src: 0x0000"
"35","07:25:27.247217","0x0000","0xf919","ZigBee","75","Command, Dst: 0xf919, Src: 0x0000"
"36","07:25:27.277109","0xf919","Broadcast","ZigBee","55","Data, Dst: Broadcast, Src: 0xf919"
"37","07:25:27.330080","0x0000","Broadcast","ZigBee","49","Command, Dst: Broadcast, Src: 0x0000"
"38","07:25:27.963002","0x0000","0xf919","ZigBee","46","Data, Dst: 0xf919, Src: 0x0000"
"39","07:25:27.966120","0x0000","0xf919","ZigBee","46","Data, Dst: 0xf919, Src: 0x0000"
"40","07:25:27.969764","0x0000","0xf919","ZigBee","46","Data, Dst: 0xf919, Src: 0x0000"
"41","07:25:27.973712","0x0000","0xf919","ZigBee","46","Data, Dst: 0xf919, Src: 0x0000"
"42","07:25:28.005538","0x0000","0xf919","ZigBee","46","Data, Dst: 0xf919, Src: 0x0000"
"43","07:25:28.010149","0x0000","0xf919","ZigBee","46","Data, Dst: 0xf919, Src: 0x0000"
"44","07:25:28.014153","0x0000","0xf919","ZigBee","46","Data, Dst: 0xf919, Src: 0x0000"
"45","07:25:28.017571","0x0000","0xf919","ZigBee","46","Data, Dst: 0xf919, Src: 0x0000"
"46","07:25:28.043101","0x0000","0xf919","ZigBee","46","Data, Dst: 0xf919, Src: 0x0000"
"47","07:25:28.047093","0x0000","0xf919","ZigBee","46","Data, Dst: 0xf919, Src: 0x0000"
"48","07:25:28.047641","","","IEEE 802.15.4","3","Ack"
"49","07:25:28.455466","","Broadcast","IEEE 802.15.4","8","Beacon Request"
"50","07:25:28.638249","","Broadcast","IEEE 802.15.4","8","Beacon Request"
"51","07:25:28.640349","0x90f7","","ZigBee","26","Beacon, Src: 0x90f7, EPID: 81:c5:67:07:37:9e:7e:0e"
"52","07:25:28.723321","0x0000","","ZigBee","26","Beacon, Src: 0x0000, EPID: 81:c5:67:07:37:9e:7e:0e"
"53","07:25:28.818316","0xf919","Broadcast","ZigBee","55","Data, Dst: Broadcast, Src: 0xf919"
"54","07:25:28.834612","0xf919","Broadcast","ZigBee","55","Data, Dst: Broadcast, Src: 0xf919"
"55","07:25:29.291890","0xf919","Broadcast","ZigBee","55","Data, Dst: Broadcast, Src: 0xf919"
"56","07:25:29.575745","0x0000","0xf919","ZigBee","46","Data, Dst: 0xf919, Src: 0x0000"
"57","07:25:29.579703","0x0000","0xf919","ZigBee","46","Data, Dst: 0xf919, Src: 0x0000"
"58","07:25:29.583289","0x0000","0xf919","ZigBee","46","Data, Dst: 0xf919, Src: 0x0000"
"59","07:25:29.587571","0x0000","0xf919","ZigBee","46","Data, Dst: 0xf919, Src: 0x0000"
"60","07:25:29.610565","0x0000","0xf919","ZigBee","46","Data, Dst: 0xf919, Src: 0x0000"
"61","07:25:29.615435","0x0000","0xf919","ZigBee","46","Data, Dst: 0xf919, Src: 0x0000"
"62","07:25:29.620311","0x0000","0xf919","ZigBee","46","Data, Dst: 0xf919, Src: 0x0000"
"63","07:25:29.625190","0x0000","0xf919","ZigBee","46","Data, Dst: 0xf919, Src: 0x0000"
"64","07:25:29.650854","0x0000","0xf919","ZigBee","46","Data, Dst: 0xf919, Src: 0x0000"
"65","07:25:29.655722","0x0000","0xf919","ZigBee","46","Data, Dst: 0xf919, Src: 0x0000"
"66","07:25:29.659638","0x0000","0xf919","ZigBee","46","Data, Dst: 0xf919, Src: 0x0000"
"67","07:25:29.674748","0x0000","0xf919","ZigBee","46","Data, Dst: 0xf919, Src: 0x0000"
"68","07:25:29.708341","0x0000","0xf919","ZigBee","46","Data, Dst: 0xf919, Src: 0x0000"
"69","07:25:29.712891","0x0000","0xf919","ZigBee","46","Data, Dst: 0xf919, Src: 0x0000"
"70","07:25:29.717445","0x0000","0xf919","ZigBee","46","Data, Dst: 0xf919, Src: 0x0000"
"71","07:25:29.721417","0x0000","0xf919","ZigBee","46","Data, Dst: 0xf919, Src: 0x0000"
"72","07:25:29.758549","0x0000","0xf919","ZigBee","46","Data, Dst: 0xf919, Src: 0x0000"
"73","07:25:29.775577","0x0000","0xf919","ZigBee","46","Data, Dst: 0xf919, Src: 0x0000"
"74","07:25:29.780147","0x0000","0xf919","ZigBee","46","Data, Dst: 0xf919, Src: 0x0000"
"75","07:25:29.783848","0x0000","0xf919","ZigBee","46","Data, Dst: 0xf919, Src: 0x0000"
"76","07:25:29.798176","0xf919","Broadcast","ZigBee","55","Data, Dst: Broadcast, Src: 0xf919"
"77","07:25:29.812506","0x0000","0xf919","ZigBee","46","Data, Dst: 0xf919, Src: 0x0000"
"78","07:25:29.815802","0x0000","0xf919","ZigBee","46","Data, Dst: 0xf919, Src: 0x0000"
"79","07:25:29.820128","0x0000","0xf919","ZigBee","46","Data, Dst: 0xf919, Src: 0x0000"
"80","07:25:29.824400","0x0000","0xf919","ZigBee","46","Data, Dst: 0xf919, Src: 0x0000"
"81","07:25:30.098074","0x0000","Broadcast","ZigBee","51","Command, Dst: Broadcast, Src: 0x0000"
"82","07:25:30.529633","","Broadcast","IEEE 802.15.4","8","Beacon Request"
"83","07:25:30.531732","0x90f7","","ZigBee","26","Beacon, Src: 0x90f7, EPID: 81:c5:67:07:37:9e:7e:0e"
"84","07:25:30.607297","0x0000","","ZigBee","26","Beacon, Src: 0x0000, EPID: 81:c5:67:07:37:9e:7e:0e"
"85","07:25:30.704020","0xf919","Broadcast","ZigBee","55","Data, Dst: Broadcast, Src: 0xf919"
"86","07:25:31.744846","0x90f7","Broadcast","ZigBee","51","Command, Dst: Broadcast, Src: 0x90f7"
"87","07:25:32.477394","","Broadcast","IEEE 802.15.4","8","Beacon Request"
"88","07:25:32.479509","0x90f7","","ZigBee","26","Beacon, Src: 0x90f7, EPID: 81:c5:67:07:37:9e:7e:0e"
"89","07:25:32.512050","0x0000","","ZigBee","26","Beacon, Src: 0x0000, EPID: 81:c5:67:07:37:9e:7e:0e"
"90","07:25:32.657828","0xf919","Broadcast","ZigBee","55","Data, Dst: Broadcast, Src: 0xf919"
"91","07:25:32.668386","0x0000","Broadcast","ZigBee","49","Command, Dst: Broadcast, Src: 0x0000"
"92","07:25:32.678568","0xf919","Broadcast","ZigBee","55","Data, Dst: Broadcast, Src: 0xf919"
"93","07:25:32.730987","0x0000","Broadcast","ZigBee","41","Command, Dst: Broadcast, Src: 0x0000"
"94","07:25:32.970691","0x0000","Broadcast","ZigBee","49","Command, Dst: Broadcast, Src: 0x0000"
"95","07:25:33.131284","0xf919","Broadcast","ZigBee","55","Data, Dst: Broadcast, Src: 0xf919"
"96","07:25:33.296886","0x0000","Broadcast","ZigBee","49","Command, Dst: Broadcast, Src: 0x0000"
"97","07:25:34.344443","","Broadcast","IEEE 802.15.4","8","Beacon Request"
"98","07:25:34.347103","0x90f7","","ZigBee","26","Beacon, Src: 0x90f7, EPID: 81:c5:67:07:37:9e:7e:0e"
"99","07:25:34.363046","0x0000","","ZigBee","26","Beacon, Src: 0x0000, EPID: 81:c5:67:07:37:9e:7e:0e"
"100","07:25:34.401157","0x0000","0xf919","ZigBee","46","Data, Dst: 0xf919, Src: 0x0000"
"101","07:25:34.404287","0x0000","0xf919","ZigBee","46","Data, Dst: 0xf919, Src: 0x0000"
"102","07:25:34.408849","0x0000","0xf919","ZigBee","46","Data, Dst: 0xf919, Src: 0x0000"
"103","07:25:34.412003","0x0000","0xf919","ZigBee","46","Data, Dst: 0xf919, Src: 0x0000"
"104","07:25:34.453026","0x0000","0xf919","ZigBee","46","Data, Dst: 0xf919, Src: 0x0000"
"105","07:25:34.465368","0x0000","0xf919","ZigBee","46","Data, Dst: 0xf919, Src: 0x0000"
"106","07:25:34.469004","0x0000","0xf919","ZigBee","46","Data, Dst: 0xf919, Src: 0x0000"
"107","07:25:34.472930","0x0000","0xf919","ZigBee","46","Data, Dst: 0xf919, Src: 0x0000"
"108","07:25:34.517738","0x0000","0xf919","ZigBee","46","Data, Dst: 0xf919, Src: 0x0000"
"109","07:25:34.522034","0x0000","0xf919","ZigBee","46","Data, Dst: 0xf919, Src: 0x0000"
"110","07:25:34.525157","0x0000","0xf919","ZigBee","46","Data, Dst: 0xf919, Src: 0x0000"
"111","07:25:34.529461","0xf919","Broadcast","ZigBee","55","Data, Dst: Broadcast, Src: 0xf919"
"112","07:25:34.533563","0x0000","0xf919","ZigBee","46","Data, Dst: 0xf919, Src: 0x0000"
"113","07:25:34.534110","","","IEEE 802.15.4","3","Ack"
"114","07:25:34.566818","0xf919","Broadcast","ZigBee","55","Data, Dst: Broadcast, Src: 0xf919"
"115","07:25:34.569094","0xf919","Broadcast","ZigBee","49","Command, Dst: Broadcast, Src: 0xf919"
"116","07:25:34.575371","0xf919","Broadcast","ZigBee","55","Data, Dst: Broadcast, Src: 0xf919"
"117","07:25:34.590840","0x0000","0xf919","ZigBee","75","Command, Dst: 0xf919, Src: 0x0000"
"118","07:25:34.591388","","","IEEE 802.15.4","3","Ack"
"119","07:25:34.598900","0x0000","0xf919","ZigBee","75","Command, Dst: 0xf919, Src: 0x0000"
"120","07:25:34.599448","","","IEEE 802.15.4","3","Ack"
"121","07:25:34.602888","0xf919","Broadcast","ZigBee","55","Data, Dst: Broadcast, Src: 0xf919"
"122","07:25:34.612011","0xf919","Broadcast","ZigBee","55","Data, Dst: Broadcast, Src: 0xf919"
"123","07:25:34.614030","0xf919","Broadcast","ZigBee","41","Command, Dst: Broadcast, Src: 0xf919"
"124","07:25:34.874915","0xf919","Broadcast","ZigBee","49","Command, Dst: Broadcast, Src: 0xf919"
"125","07:25:34.907174","0xf919","Broadcast","ZigBee","41","Command, Dst: Broadcast, Src: 0xf919"
"126","07:25:35.009224","0x0000","0xf919","ZigBee","75","Command, Dst: 0xf919, Src: 0x0000"
"127","07:25:35.009772","","","IEEE 802.15.4","3","Ack"
"128","07:25:35.114055","0xf919","Broadcast","ZigBee","55","Data, Dst: Broadcast, Src: 0xf919"
"129","07:25:35.176794","0xf919","Broadcast","ZigBee","49","Command, Dst: Broadcast, Src: 0xf919"
"130","07:25:35.209054","0xf919","Broadcast","ZigBee","41","Command, Dst: Broadcast, Src: 0xf919"
"131","07:25:35.416879","0x0000","0xf919","ZigBee","75","Command, Dst: 0xf919, Src: 0x0000"
"132","07:25:35.417427","","","IEEE 802.15.4","3","Ack"
"133","07:25:35.472318","0xf919","Broadcast","ZigBee","49","Command, Dst: Broadcast, Src: 0xf919"
"134","07:25:35.515006","0xf919","Broadcast","ZigBee","52","Data, Dst: Broadcast, Src: 0xf919"
"135","07:25:35.621367","0xf919","Broadcast","ZigBee","55","Data, Dst: Broadcast, Src: 0xf919"
"136","07:25:35.994620","0x0000","0xf919","ZigBee","46","Data, Dst: 0xf919, Src: 0x0000"
"137","07:25:35.999818","0x0000","0xf919","ZigBee","46","Data, Dst: 0xf919, Src: 0x0000"
"138","07:25:36.004466","0x0000","0xf919","ZigBee","46","Data, Dst: 0xf919, Src: 0x0000"
"139","07:25:36.009750","0x0000","0xf919","ZigBee","46","Data, Dst: 0xf919, Src: 0x0000"
"140","07:25:36.057164","0x0000","0xf919","ZigBee","46","Data, Dst: 0xf919, Src: 0x0000"
"141","07:25:36.060284","0x0000","0xf919","ZigBee","46","Data, Dst: 0xf919, Src: 0x0000"
"142","07:25:36.063610","0x0000","0xf919","ZigBee","46","Data, Dst: 0xf919, Src: 0x0000"
"143","07:25:36.068254","0x0000","0xf919","ZigBee","46","Data, Dst: 0xf919, Src: 0x0000"
"144","07:25:36.121361","0x0000","0xf919","ZigBee","46","Data, Dst: 0xf919, Src: 0x0000"
"145","07:25:36.125023","0x0000","0xf919","ZigBee","46","Data, Dst: 0xf919, Src: 0x0000"
"146","07:25:36.130311","0x0000","0xf919","ZigBee","46","Data, Dst: 0xf919, Src: 0x0000"
"147","07:25:36.134579","0x0000","0xf919","ZigBee","46","Data, Dst: 0xf919, Src: 0x0000"
"148","07:25:36.180726","0x0000","0xf919","ZigBee","46","Data, Dst: 0xf919, Src: 0x0000"
"149","07:25:36.185302","0x0000","0xf919","ZigBee","46","Data, Dst: 0xf919, Src: 0x0000"
"150","07:25:36.198480","0x0000","0xf919","ZigBee","46","Data, Dst: 0xf919, Src: 0x0000"
"151","07:25:36.203118","0x0000","0xf919","ZigBee","46","Data, Dst: 0xf919, Src: 0x0000"
"152","07:25:37.298620","","Broadcast","IEEE 802.15.4","8","Beacon Request"
"153","07:25:37.301599","0x90f7","","ZigBee","26","Beacon, Src: 0x90f7, EPID: 81:c5:67:07:37:9e:7e:0e"
"154","07:25:37.326572","0x0000","","ZigBee","26","Beacon, Src: 0x0000, EPID: 81:c5:67:07:37:9e:7e:0e"
"155","07:25:37.471566","0xf919","Broadcast","ZigBee","55","Data, Dst: Broadcast, Src: 0xf919"
"156","07:25:37.485746","0x0000","Broadcast","ZigBee","49","Command, Dst: Broadcast, Src: 0x0000"
"157","07:25:37.495140","0xf919","Broadcast","ZigBee","55","Data, Dst: Broadcast, Src: 0xf919"
"158","07:25:37.497592","0xf919","Broadcast","ZigBee","55","Data, Dst: Broadcast, Src: 0xf919"
"159","07:25:37.570167","0x0000","Broadcast","ZigBee","41","Command, Dst: Broadcast, Src: 0x0000"
"160","07:25:37.592683","0x0000","0xf919","ZigBee","46","Data, Dst: 0xf919, Src: 0x0000"
"161","07:25:37.593231","","","IEEE 802.15.4","3","Ack"
"162","07:25:37.651087","0xf919","Broadcast","ZigBee","49","Command, Dst: Broadcast, Src: 0xf919"
"163","07:25:37.659568","0x0000","0xf919","ZigBee","75","Command, Dst: 0xf919, Src: 0x0000"
"164","07:25:37.660116","","","IEEE 802.15.4","3","Ack"
"165","07:25:37.852965","0x0000","Broadcast","ZigBee","49","Command, Dst: Broadcast, Src: 0x0000"
"166","07:25:37.952211","0xf919","Broadcast","ZigBee","49","Command, Dst: Broadcast, Src: 0xf919"
"167","07:25:38.013653","0xf919","Broadcast","ZigBee","41","Command, Dst: Broadcast, Src: 0xf919"
"168","07:25:38.069106","0x0000","0xf919","ZigBee","75","Command, Dst: 0xf919, Src: 0x0000"
"169","07:25:38.081018","0x0000","0xf919","ZigBee","75","Command, Dst: 0xf919, Src: 0x0000"
"170","07:25:38.081566","","","IEEE 802.15.4","3","Ack"
"171","07:25:38.145425","0x0000","Broadcast","ZigBee","49","Command, Dst: Broadcast, Src: 0x0000"
"172","07:25:38.252181","0xf919","Broadcast","ZigBee","49","Command, Dst: Broadcast, Src: 0xf919"
"173","07:25:38.314681","0xf919","Broadcast","ZigBee","41","Command, Dst: Broadcast, Src: 0xf919"
"174","07:25:38.480169","0x0000","Broadcast","ZigBee","49","Command, Dst: Broadcast, Src: 0x0000"
"175","07:25:38.487936","0x0000","0xf919","ZigBee","75","Command, Dst: 0xf919, Src: 0x0000"
"176","07:25:38.488483","","","IEEE 802.15.4","3","Ack"
"177","07:25:38.549832","0xf919","Broadcast","ZigBee","49","Command, Dst: Broadcast, Src: 0xf919"
"178","07:25:39.311089","0xf919","0x0000","ZigBee","43","Data, Dst: 0x0000, Src: 0xf919"
"179","07:25:39.311633","","","IEEE 802.15.4","3","Ack"
"180","07:25:39.332038","0xf919","0x0000","ZigBee","50","Data, Dst: 0x0000, Src: 0xf919"
"181","07:25:39.332582","","","IEEE 802.15.4","3","Ack"
"182","07:25:39.370518","0x0000","0xf919","ZigBee","47","Data, Dst: 0xf919, Src: 0x0000"
"183","07:25:39.371066","","","IEEE 802.15.4","3","Ack"
"184","07:25:39.393290","0xf919","0x0000","ZigBee","43","Data, Dst: 0x0000, Src: 0xf919"
"185","07:25:39.393833","","","IEEE 802.15.4","3","Ack"
"186","07:25:39.416941","0xf919","0x0000","ZigBee","70","Data, Dst: 0x0000, Src: 0xf919"
"187","07:25:39.417485","","","IEEE 802.15.4","3","Ack"
"188","07:25:39.498420","0x0000","0xf919","ZigBee","48","Data, Dst: 0xf919, Src: 0x0000"
"189","07:25:39.498967","","","IEEE 802.15.4","3","Ack"
"190","07:25:39.521191","0xf919","0x0000","ZigBee","43","Data, Dst: 0x0000, Src: 0xf919"
"191","07:25:39.521735","","","IEEE 802.15.4","3","Ack"
"192","07:25:39.544170","0xf919","0x0000","ZigBee","49","Data, Dst: 0x0000, Src: 0xf919"
"193","07:25:39.544714","","","IEEE 802.15.4","3","Ack"
"194","07:25:39.609677","0x0000","0xf919","ZigBee","48","Data, Dst: 0xf919, Src: 0x0000"
"195","07:25:39.610225","","","IEEE 802.15.4","3","Ack"
"196","07:25:39.632449","0xf919","0x0000","ZigBee","43","Data, Dst: 0x0000, Src: 0xf919"
"197","07:25:39.632993","","","IEEE 802.15.4","3","Ack"
"198","07:25:39.656100","0xf919","0x0000","ZigBee","70","Data, Dst: 0x0000, Src: 0xf919"
"199","07:25:39.656644","","","IEEE 802.15.4","3","Ack"
"200","07:25:39.737647","0x0000","0xf919","ZigBee","48","Data, Dst: 0xf919, Src: 0x0000"
"201","07:25:39.738195","","","IEEE 802.15.4","3","Ack"
"202","07:25:39.760419","0xf919","0x0000","ZigBee","43","Data, Dst: 0x0000, Src: 0xf919"
"203","07:25:39.760962","","","IEEE 802.15.4","3","Ack"
"204","07:25:39.783942","0xf919","0x0000","ZigBee","66","Data, Dst: 0x0000, Src: 0xf919"
"205","07:25:39.784486","","","IEEE 802.15.4","3","Ack"
"206","07:25:39.848935","0x0000","0xf919","ZigBee","47","Data, Dst: 0xf919, Src: 0x0000"
"207","07:25:39.849483","","","IEEE 802.15.4","3","Ack"
"208","07:25:39.871723","0xf919","0x0000","ZigBee","43","Data, Dst: 0x0000, Src: 0xf919"
"209","07:25:39.872267","","","IEEE 802.15.4","3","Ack"
"210","07:25:39.894974","0xf919","0x0000","ZigBee","58","Data, Dst: 0x0000, Src: 0xf919"
"211","07:25:39.895518","","","IEEE 802.15.4","3","Ack"
"212","07:25:41.177267","0x0000","0xf919","ZigBee","48","Data, Dst: 0xf919, Src: 0x0000"
"213","07:25:41.182307","0x0000","0xf919","ZigBee","48","Data, Dst: 0xf919, Src: 0x0000"
"214","07:25:41.186333","0x0000","0xf919","ZigBee","48","Data, Dst: 0xf919, Src: 0x0000"
"215","07:25:41.190957","0x0000","0xf919","ZigBee","48","Data, Dst: 0xf919, Src: 0x0000"
"216","07:25:41.217856","0x0000","0xf919","ZigBee","48","Data, Dst: 0xf919, Src: 0x0000"
"217","07:25:41.222150","0x0000","0xf919","ZigBee","48","Data, Dst: 0xf919, Src: 0x0000"
"218","07:25:41.225524","0x0000","0xf919","ZigBee","48","Data, Dst: 0xf919, Src: 0x0000"
"219","07:25:41.228950","0x0000","0xf919","ZigBee","48","Data, Dst: 0xf919, Src: 0x0000"
"220","07:25:41.260480","0x0000","0xf919","ZigBee","48","Data, Dst: 0xf919, Src: 0x0000"
"221","07:25:41.264130","0x0000","0xf919","ZigBee","48","Data, Dst: 0xf919, Src: 0x0000"
"222","07:25:41.268742","0x0000","0xf919","ZigBee","48","Data, Dst: 0xf919, Src: 0x0000"
"223","07:25:41.273673","0x0000","0xf919","ZigBee","48","Data, Dst: 0xf919, Src: 0x0000"
"224","07:25:41.317375","0x0000","0xf919","ZigBee","48","Data, Dst: 0xf919, Src: 0x0000"
"225","07:25:41.322651","0x0000","0xf919","ZigBee","48","Data, Dst: 0xf919, Src: 0x0000"
"226","07:25:41.327939","0x0000","0xf919","ZigBee","48","Data, Dst: 0xf919, Src: 0x0000"
"227","07:25:41.331133","0x0000","0xf919","ZigBee","48","Data, Dst: 0xf919, Src: 0x0000"
"228","07:25:41.377528","0x0000","0xf919","ZigBee","48","Data, Dst: 0xf919, Src: 0x0000"
"229","07:25:41.381868","0x0000","0xf919","ZigBee","48","Data, Dst: 0xf919, Src: 0x0000"
"230","07:25:41.385854","0x0000","0xf919","ZigBee","48","Data, Dst: 0xf919, Src: 0x0000"
"231","07:25:41.389244","0x0000","0xf919","ZigBee","48","Data, Dst: 0xf919, Src: 0x0000"
"232","07:25:42.222513","","Broadcast","IEEE 802.15.4","8","Beacon Request"
"233","07:25:42.225189","0x90f7","","ZigBee","26","Beacon, Src: 0x90f7, EPID: 81:c5:67:07:37:9e:7e:0e"
"234","07:25:42.274346","0x0000","","ZigBee","26","Beacon, Src: 0x0000, EPID: 81:c5:67:07:37:9e:7e:0e"
"235","07:25:42.403938","0xf919","Broadcast","ZigBee","55","Data, Dst: Broadcast, Src: 0xf919"
"236","07:25:42.475531","0x0000","0xf919","ZigBee","46","Data, Dst: 0xf919, Src: 0x0000"
"237","07:25:42.476079","","","IEEE 802.15.4","3","Ack"
"238","07:25:42.479235","0xf919","Broadcast","ZigBee","55","Data, Dst: Broadcast, Src: 0xf919"
"239","07:25:42.484271","0xf919","Broadcast","ZigBee","55","Data, Dst: Broadcast, Src: 0xf919"
"240","07:25:42.505571","0xf919","Broadcast","ZigBee","49","Command, Dst: Broadcast, Src: 0xf919"
"241","07:25:42.511281","0x0000","0xf919","ZigBee","75","Command, Dst: 0xf919, Src: 0x0000"
"242","07:25:42.517103","0x0000","0xf919","ZigBee","75","Command, Dst: 0xf919, Src: 0x0000"
"243","07:25:42.517651","","","IEEE 802.15.4","3","Ack"
"244","07:25:42.559975","0xf919","Broadcast","ZigBee","41","Command, Dst: Broadcast, Src: 0xf919"
"245","07:25:42.592678","0xf919","Broadcast","ZigBee","55","Data, Dst: Broadcast, Src: 0xf919"
"246","07:25:42.716102","0xf919","Broadcast","ZigBee","55","Data, Dst: Broadcast, Src: 0xf919"
"247","07:25:42.785911","0x0000","0xf919","ZigBee","48","Data, Dst: 0xf919, Src: 0x0000"
"248","07:25:42.786459","","","IEEE 802.15.4","3","Ack"
"249","07:25:42.803372","0xf919","0x0000","ZigBee","43","Data, Dst: 0x0000, Src: 0xf919"
"250","07:25:42.803915","","","IEEE 802.15.4","3","Ack"
"251","07:25:42.811848","0xf919","0x0000","ZigBee","51","Data, Dst: 0x0000, Src: 0xf919"
"252","07:25:42.812392","","","IEEE 802.15.4","3","Ack"
"253","07:25:42.822796","0xf919","Broadcast","ZigBee","55","Data, Dst: Broadcast, Src: 0xf919"
"254","07:25:42.825024","0xf919","Broadcast","ZigBee","49","Command, Dst: Broadcast, Src: 0xf919"
"255","07:25:42.857284","0xf919","Broadcast","ZigBee","41","Command, Dst: Broadcast, Src: 0xf919"
"256","07:25:42.926683","0x0000","0xf919","ZigBee","75","Command, Dst: 0xf919, Src: 0x0000"
"257","07:25:42.927231","","","IEEE 802.15.4","3","Ack"
"258","07:25:43.025919","0x0000","0xf919","ZigBee","48","Data, Dst: 0xf919, Src: 0x0000"
"259","07:25:43.026466","","","IEEE 802.15.4","3","Ack"
"260","07:25:43.048674","0xf919","0x0000","ZigBee","43","Data, Dst: 0x0000, Src: 0xf919"
"261","07:25:43.049218","","","IEEE 802.15.4","3","Ack"
"262","07:25:43.063679","0xf919","0x0000","ZigBee","51","Data, Dst: 0x0000, Src: 0xf919"
"263","07:25:43.064223","","","IEEE 802.15.4","3","Ack"
"264","07:25:43.116898","0xf919","Broadcast","ZigBee","49","Command, Dst: Broadcast, Src: 0xf919"
"265","07:25:43.159238","0xf919","Broadcast","ZigBee","41","Command, Dst: Broadcast, Src: 0xf919"
"266","07:25:43.333565","0x0000","0xf919","ZigBee","75","Command, Dst: 0xf919, Src: 0x0000"
"267","07:25:43.334113","","","IEEE 802.15.4","3","Ack"
"268","07:25:43.416992","0xf919","Broadcast","ZigBee","49","Command, Dst: Broadcast, Src: 0xf919"
"269","07:25:44.078513","0x0000","0xf919","ZigBee","46","Data, Dst: 0xf919, Src: 0x0000"
"270","07:25:44.079061","","","IEEE 802.15.4","3","Ack"
"271","07:25:44.196897","0xf919","0x0000","ZigBee","43","Data, Dst: 0x0000, Src: 0xf919"
"272","07:25:44.197441","","","IEEE 802.15.4","3","Ack"
"273","07:25:44.219893","0xf919","0x0000","ZigBee","50","Data, Dst: 0x0000, Src: 0xf919"
"274","07:25:44.220437","","","IEEE 802.15.4","3","Ack"
"275","07:25:44.256854","0x0000","0xf919","ZigBee","47","Data, Dst: 0xf919, Src: 0x0000"
"276","07:25:44.257401","","","IEEE 802.15.4","3","Ack"
"277","07:25:44.279609","0xf919","0x0000","ZigBee","43","Data, Dst: 0x0000, Src: 0xf919"
"278","07:25:44.280153","","","IEEE 802.15.4","3","Ack"
"279","07:25:44.303261","0xf919","0x0000","ZigBee","70","Data, Dst: 0x0000, Src: 0xf919"
"280","07:25:44.303804","","","IEEE 802.15.4","3","Ack"
"281","07:25:44.369531","0x0000","0xf919","ZigBee","48","Data, Dst: 0xf919, Src: 0x0000"
"282","07:25:44.370079","","","IEEE 802.15.4","3","Ack"
"283","07:25:44.392319","0xf919","0x0000","ZigBee","43","Data, Dst: 0x0000, Src: 0xf919"
"284","07:25:44.392863","","","IEEE 802.15.4","3","Ack"
"285","07:25:44.415298","0xf919","0x0000","ZigBee","49","Data, Dst: 0x0000, Src: 0xf919"
"286","07:25:44.415842","","","IEEE 802.15.4","3","Ack"
"287","07:25:44.452932","0x0000","0xf919","ZigBee","49","Data, Dst: 0xf919, Src: 0x0000"
"288","07:25:44.453480","","","IEEE 802.15.4","3","Ack"
"289","07:25:44.467464","0x0000","0xf919","ZigBee","48","Data, Dst: 0xf919, Src: 0x0000"
"290","07:25:44.468012","","","IEEE 802.15.4","3","Ack"
"291","07:25:44.470076","0xf919","0x0000","ZigBee","43","Data, Dst: 0x0000, Src: 0xf919"
"292","07:25:44.470620","","","IEEE 802.15.4","3","Ack"
"293","07:25:44.483390","0xf919","0x0000","ZigBee","43","Data, Dst: 0x0000, Src: 0xf919"
"294","07:25:44.483934","","","IEEE 802.15.4","3","Ack"
"295","07:25:44.503369","0xf919","Broadcast","ZigBee","52","Data, Dst: Broadcast, Src: 0xf919"
"296","07:25:44.506301","0xf919","0x0000","ZigBee","70","Data, Dst: 0x0000, Src: 0xf919"
"297","07:25:44.506844","","","IEEE 802.15.4","3","Ack"
"298","07:25:44.622995","0x0000","0xf919","ZigBee","48","Data, Dst: 0xf919, Src: 0x0000"
"299","07:25:44.623542","","","IEEE 802.15.4","3","Ack"
"300","07:25:44.645750","0xf919","0x0000","ZigBee","43","Data, Dst: 0x0000, Src: 0xf919"
"301","07:25:44.646294","","","IEEE 802.15.4","3","Ack"
"302","07:25:44.669274","0xf919","0x0000","ZigBee","66","Data, Dst: 0x0000, Src: 0xf919"
"303","07:25:44.669817","","","IEEE 802.15.4","3","Ack"
"304","07:25:44.728372","0x0000","0xf919","ZigBee","47","Data, Dst: 0xf919, Src: 0x0000"
"305","07:25:44.728920","","","IEEE 802.15.4","3","Ack"
"306","07:25:44.752663","0xf919","0x0000","ZigBee","43","Data, Dst: 0x0000, Src: 0xf919"
"307","07:25:44.753207","","","IEEE 802.15.4","3","Ack"
"308","07:25:44.776475","","","IEEE 802.15.4","3","Ack"
"309","07:25:44.974321","0x0000","0xf919","ZigBee","48","Data, Dst: 0xf919, Src: 0x0000"
"310","07:25:44.974869","","","IEEE 802.15.4","3","Ack"
"311","07:25:44.984857","0xf919","0x0000","ZigBee","43","Data, Dst: 0x0000, Src: 0xf919"
"312","07:25:44.985401","","","IEEE 802.15.4","3","Ack"
"313","07:25:45.007900","0xf919","0x0000","ZigBee","51","Data, Dst: 0x0000, Src: 0xf919"
"314","07:25:45.008444","","","IEEE 802.15.4","3","Ack"
"315","07:25:45.027862","0x0000","0xf919","ZigBee","48","Data, Dst: 0xf919, Src: 0x0000"
"316","07:25:45.028409","","","IEEE 802.15.4","3","Ack"
"317","07:25:45.816336","","Broadcast","IEEE 802.15.4","8","Beacon Request"
"318","07:25:45.818436","0x90f7","","ZigBee","26","Beacon, Src: 0x90f7, EPID: 81:c5:67:07:37:9e:7e:0e"
"319","07:25:45.874568","0x0000","","ZigBee","26","Beacon, Src: 0x0000, EPID: 81:c5:67:07:37:9e:7e:0e"
"320","07:25:45.996815","0xf919","Broadcast","ZigBee","55","Data, Dst: Broadcast, Src: 0xf919"
"321","07:25:46.007979","0x0000","Broadcast","ZigBee","49","Command, Dst: Broadcast, Src: 0x0000"
"322","07:25:46.029436","0xf919","Broadcast","ZigBee","55","Data, Dst: Broadcast, Src: 0xf919"
"323","07:25:46.044696","0xf919","Broadcast","ZigBee","55","Data, Dst: Broadcast, Src: 0xf919"
"324","07:25:46.062516","0x0000","0xf919","ZigBee","46","Data, Dst: 0xf919, Src: 0x0000"
"325","07:25:46.063064","","","IEEE 802.15.4","3","Ack"
"326","07:25:46.127760","0xf919","Broadcast","ZigBee","49","Command, Dst: Broadcast, Src: 0xf919"
"327","07:25:46.133468","0x0000","0xf919","ZigBee","75","Command, Dst: 0xf919, Src: 0x0000"
"328","07:25:46.134015","","","IEEE 802.15.4","3","Ack"
"329","07:25:46.176355","0xf919","Broadcast","ZigBee","41","Command, Dst: Broadcast, Src: 0xf919"
"330","07:25:46.347791","0x0000","Broadcast","ZigBee","49","Command, Dst: Broadcast, Src: 0x0000"
"331","07:25:46.480866","0xf919","Broadcast","ZigBee","41","Command, Dst: Broadcast, Src: 0xf919"
"332","07:25:46.541841","0x0000","0xf919","ZigBee","75","Command, Dst: 0xf919, Src: 0x0000"
"333","07:25:46.546385","0x0000","0xf919","ZigBee","75","Command, Dst: 0xf919, Src: 0x0000"
"334","07:25:46.550469","0x0000","0xf919","ZigBee","75","Command, Dst: 0xf919, Src: 0x0000"
"335","07:25:46.572205","0x0000","0xf919","ZigBee","75","Command, Dst: 0xf919, Src: 0x0000"
"336","07:25:46.642801","0x0000","0xf919","ZigBee","48","Data, Dst: 0xf919, Src: 0x0000"
"337","07:25:46.647743","0x0000","0xf919","ZigBee","48","Data, Dst: 0xf919, Src: 0x0000"
"338","07:25:46.651157","0x0000","0xf919","ZigBee","48","Data, Dst: 0xf919, Src: 0x0000"
"339","07:25:46.655475","0x0000","0xf919","ZigBee","48","Data, Dst: 0xf919, Src: 0x0000"
"340","07:25:46.669595","0x0000","Broadcast","ZigBee","49","Command, Dst: Broadcast, Src: 0x0000"
"341","07:25:46.691803","0x0000","0xf919","ZigBee","48","Data, Dst: 0xf919, Src: 0x0000"
"342","07:25:46.696827","0x0000","0xf919","ZigBee","48","Data, Dst: 0xf919, Src: 0x0000"
"343","07:25:46.701519","0x0000","0xf919","ZigBee","48","Data, Dst: 0xf919, Src: 0x0000"
"344","07:25:46.706197","0x0000","0xf919","ZigBee","48","Data, Dst: 0xf919, Src: 0x0000"
"345","07:25:46.751618","0x0000","0xf919","ZigBee","48","Data, Dst: 0xf919, Src: 0x0000"
"346","07:25:46.755652","0x0000","0xf919","ZigBee","48","Data, Dst: 0xf919, Src: 0x0000"
"347","07:25:46.760994","0x0000","0xf919","ZigBee","48","Data, Dst: 0xf919, Src: 0x0000"
"348","07:25:46.762997","0xf919","Broadcast","ZigBee","41","Command, Dst: Broadcast, Src: 0xf919"
"349","07:25:46.777450","0x0000","0xf919","ZigBee","48","Data, Dst: 0xf919, Src: 0x0000"
"350","07:25:46.826203","0x0000","0xf919","ZigBee","48","Data, Dst: 0xf919, Src: 0x0000"
"351","07:25:46.830293","0x0000","0xf919","ZigBee","48","Data, Dst: 0xf919, Src: 0x0000"
"352","07:25:46.844637","0x0000","0xf919","ZigBee","48","Data, Dst: 0xf919, Src: 0x0000"
"353","07:25:46.848695","0x0000","0xf919","ZigBee","48","Data, Dst: 0xf919, Src: 0x0000"
"354","07:25:46.874351","0x0000","0xf919","ZigBee","48","Data, Dst: 0xf919, Src: 0x0000"
"355","07:25:46.879682","0x0000","0xf919","ZigBee","48","Data, Dst: 0xf919, Src: 0x0000"
"356","07:25:46.883368","0x0000","0xf919","ZigBee","48","Data, Dst: 0xf919, Src: 0x0000"
"357","07:25:46.888342","0x0000","0xf919","ZigBee","48","Data, Dst: 0xf919, Src: 0x0000"
"358","07:25:46.956457","0x0000","Broadcast","ZigBee","49","Command, Dst: Broadcast, Src: 0x0000"
"359","07:25:46.976581","0x0000","0xf919","ZigBee","48","Data, Dst: 0xf919, Src: 0x0000"
"360","07:25:46.981643","0x0000","0xf919","ZigBee","48","Data, Dst: 0xf919, Src: 0x0000"
"361","07:25:46.985335","0x0000","0xf919","ZigBee","48","Data, Dst: 0xf919, Src: 0x0000"
"362","07:25:46.990283","0x0000","0xf919","ZigBee","48","Data, Dst: 0xf919, Src: 0x0000"
"363","07:25:46.994985","0x0000","0xf919","ZigBee","75","Command, Dst: 0xf919, Src: 0x0000"
"364","07:25:46.999925","0x0000","0xf919","ZigBee","75","Command, Dst: 0xf919, Src: 0x0000"
"365","07:25:47.004823","0x0000","0xf919","ZigBee","75","Command, Dst: 0xf919, Src: 0x0000"
"366","07:25:47.009119","0x0000","0xf919","ZigBee","75","Command, Dst: 0xf919, Src: 0x0000"
"367","07:25:47.019599","0x0000","0xf919","ZigBee","65","Data, Dst: 0xf919, Src: 0x0000"
"368","07:25:47.024135","0x0000","0xf919","ZigBee","65","Data, Dst: 0xf919, Src: 0x0000"
"369","07:25:47.027856","0x0000","0xf919","ZigBee","65","Data, Dst: 0xf919, Src: 0x0000"
"370","07:25:47.031600","0x0000","0xf919","ZigBee","65","Data, Dst: 0xf919, Src: 0x0000"
"371","07:25:47.037412","0x0000","0xf919","ZigBee","48","Data, Dst: 0xf919, Src: 0x0000"
"372","07:25:47.050608","0x0000","0xf919","ZigBee","48","Data, Dst: 0xf919, Src: 0x0000"
"373","07:25:47.054694","0x0000","0xf919","ZigBee","48","Data, Dst: 0xf919, Src: 0x0000"
"374","07:25:47.058706","0x0000","0xf919","ZigBee","48","Data, Dst: 0xf919, Src: 0x0000"
"375","07:25:47.083964","0x0000","0xf919","ZigBee","65","Data, Dst: 0xf919, Src: 0x0000"
"376","07:25:47.089576","0x0000","0xf919","ZigBee","65","Data, Dst: 0xf919, Src: 0x0000"
"377","07:25:47.095400","0x0000","0xf919","ZigBee","65","Data, Dst: 0xf919, Src: 0x0000"
"378","07:25:47.100027","0x0000","0xf919","ZigBee","65","Data, Dst: 0xf919, Src: 0x0000"
"379","07:25:47.104640","0x0000","0xf919","ZigBee","48","Data, Dst: 0xf919, Src: 0x0000"
"380","07:25:47.108321","0x0000","0xf919","ZigBee","48","Data, Dst: 0xf919, Src: 0x0000"
"381","07:25:47.115128","0x0000","0xf919","ZigBee","48","Data, Dst: 0xf919, Src: 0x0000"
"382","07:25:47.119777","0x0000","0xf919","ZigBee","48","Data, Dst: 0xf919, Src: 0x0000"
"383","07:25:47.133203","0x0000","0xf919","ZigBee","65","Data, Dst: 0xf919, Src: 0x0000"
"384","07:25:47.138469","0x0000","0xf919","ZigBee","65","Data, Dst: 0xf919, Src: 0x0000"
"385","07:25:47.143661","0x0000","0xf919","ZigBee","65","Data, Dst: 0xf919, Src: 0x0000"
"386","07:25:47.158470","0x0000","0xf919","ZigBee","65","Data, Dst: 0xf919, Src: 0x0000"
"387","07:25:47.162420","0x0000","0xf919","ZigBee","48","Data, Dst: 0xf919, Src: 0x0000"
"388","07:25:47.166090","0x0000","0xf919","ZigBee","48","Data, Dst: 0xf919, Src: 0x0000"
"389","07:25:47.170382","0x0000","0xf919","ZigBee","48","Data, Dst: 0xf919, Src: 0x0000"
"390","07:25:47.186674","0x0000","0xf919","ZigBee","48","Data, Dst: 0xf919, Src: 0x0000"
"391","07:25:47.205899","0x0000","0xf919","ZigBee","65","Data, Dst: 0xf919, Src: 0x0000"
"392","07:25:47.211439","0x0000","0xf919","ZigBee","65","Data, Dst: 0xf919, Src: 0x0000"
"393","07:25:47.215663","0x0000","0xf919","ZigBee","65","Data, Dst: 0xf919, Src: 0x0000"
"394","07:25:47.224529","0x0000","0xf919","ZigBee","65","Data, Dst: 0xf919, Src: 0x0000"
"395","07:25:47.261732","0x0000","0xf919","ZigBee","65","Data, Dst: 0xf919, Src: 0x0000"
"396","07:25:47.262279","","","IEEE 802.15.4","3","Ack"
"397","07:25:47.621974","","Broadcast","IEEE 802.15.4","8","Beacon Request"
"398","07:25:47.653500","0x0000","0xf919","ZigBee","46","Data, Dst: 0xf919, Src: 0x0000"
"399","07:25:47.668605","0x0000","0xf919","ZigBee","46","Data, Dst: 0xf919, Src: 0x0000"
"400","07:25:47.672833","0x0000","0xf919","ZigBee","46","Data, Dst: 0xf919, Src: 0x0000"
"401","07:25:47.675991","0x0000","0xf919","ZigBee","46","Data, Dst: 0xf919, Src: 0x0000"
"402","07:25:47.696183","0x0000","","ZigBee","26","Beacon, Src: 0x0000, EPID: 81:c5:67:07:37:9e:7e:0e"
"403","07:25:47.718813","0x0000","0xf919","ZigBee","46","Data, Dst: 0xf919, Src: 0x0000"
"404","07:25:47.723421","0x0000","0xf919","ZigBee","46","Data, Dst: 0xf919, Src: 0x0000"
"405","07:25:47.727023","0x0000","0xf919","ZigBee","46","Data, Dst: 0xf919, Src: 0x0000"
"406","07:25:47.730667","0x0000","0xf919","ZigBee","46","Data, Dst: 0xf919, Src: 0x0000"
"407","07:25:47.755962","0x0000","0xf919","ZigBee","46","Data, Dst: 0xf919, Src: 0x0000"
"408","07:25:47.772622","0x0000","0xf919","ZigBee","46","Data, Dst: 0xf919, Src: 0x0000"
"409","07:25:47.777838","0x0000","0xf919","ZigBee","46","Data, Dst: 0xf919, Src: 0x0000"
"410","07:25:47.778386","","","IEEE 802.15.4","3","Ack"
"411","07:25:47.785924","0x0000","Broadcast","ZigBee","51","Command, Dst: Broadcast, Src: 0x0000"
"412","07:25:47.788406","0xf919","Broadcast","ZigBee","55","Data, Dst: Broadcast, Src: 0xf919"
"413","07:25:47.821113","0xf919","Broadcast","ZigBee","55","Data, Dst: Broadcast, Src: 0xf919"
"414","07:25:47.847643","0xf919","Broadcast","ZigBee","55","Data, Dst: Broadcast, Src: 0xf919"
"415","07:25:47.859987","0xf919","Broadcast","ZigBee","49","Command, Dst: Broadcast, Src: 0xf919"
"416","07:25:47.874309","0x0000","0xf919","ZigBee","75","Command, Dst: 0xf919, Src: 0x0000"
"417","07:25:47.874857","","","IEEE 802.15.4","3","Ack"
"418","07:25:47.927548","0xf919","Broadcast","ZigBee","41","Command, Dst: Broadcast, Src: 0xf919"
"419","07:25:48.235573","0xf919","Broadcast","ZigBee","41","Command, Dst: Broadcast, Src: 0xf919"
"420","07:25:48.244859","0x0000","0xf919","ZigBee","48","Data, Dst: 0xf919, Src: 0x0000"
"421","07:25:48.248945","0x0000","0xf919","ZigBee","48","Data, Dst: 0xf919, Src: 0x0000"
"422","07:25:48.252957","0x0000","0xf919","ZigBee","48","Data, Dst: 0xf919, Src: 0x0000"
"423","07:25:48.258247","0x0000","0xf919","ZigBee","48","Data, Dst: 0xf919, Src: 0x0000"
"424","07:25:48.285772","0x0000","0xf919","ZigBee","75","Command, Dst: 0xf919, Src: 0x0000"
"425","07:25:48.291022","0x0000","0xf919","ZigBee","75","Command, Dst: 0xf919, Src: 0x0000"
"426","07:25:48.296178","0x0000","0xf919","ZigBee","75","Command, Dst: 0xf919, Src: 0x0000"
"427","07:25:48.309310","0x0000","0xf919","ZigBee","75","Command, Dst: 0xf919, Src: 0x0000"
"428","07:25:48.313104","0x0000","0xf919","ZigBee","48","Data, Dst: 0xf919, Src: 0x0000"
"429","07:25:48.317504","0x0000","0xf919","ZigBee","48","Data, Dst: 0xf919, Src: 0x0000"
"430","07:25:48.322834","0x0000","0xf919","ZigBee","48","Data, Dst: 0xf919, Src: 0x0000"
"431","07:25:48.327136","0x0000","0xf919","ZigBee","48","Data, Dst: 0xf919, Src: 0x0000"
"432","07:25:48.389581","0x0000","0xf919","ZigBee","48","Data, Dst: 0xf919, Src: 0x0000"
"433","07:25:48.394833","0x0000","0xf919","ZigBee","48","Data, Dst: 0xf919, Src: 0x0000"
"434","07:25:48.411607","0x0000","0xf919","ZigBee","48","Data, Dst: 0xf919, Src: 0x0000"
"435","07:25:48.415039","0x0000","0xf919","ZigBee","48","Data, Dst: 0xf919, Src: 0x0000"
"436","07:25:48.464914","0x0000","0xf919","ZigBee","48","Data, Dst: 0xf919, Src: 0x0000"
"437","07:25:48.468070","0x0000","0xf919","ZigBee","48","Data, Dst: 0xf919, Src: 0x0000"
"438","07:25:48.473074","0x0000","0xf919","ZigBee","48","Data, Dst: 0xf919, Src: 0x0000"
"439","07:25:48.484440","0x0000","0xf919","ZigBee","48","Data, Dst: 0xf919, Src: 0x0000"
"440","07:25:48.523600","0xf919","Broadcast","ZigBee","41","Command, Dst: Broadcast, Src: 0xf919"
"441","07:25:48.583213","0x0000","Broadcast","ZigBee","57","Command, Dst: Broadcast, Src: 0x0000"
"442","07:25:48.591542","0x0000","0xf919","ZigBee","48","Data, Dst: 0xf919, Src: 0x0000"
"443","07:25:48.596474","0x0000","0xf919","ZigBee","48","Data, Dst: 0xf919, Src: 0x0000"
"444","07:25:48.599916","0x0000","0xf919","ZigBee","48","Data, Dst: 0xf919, Src: 0x0000"
"445","07:25:48.604702","0x0000","0xf919","ZigBee","48","Data, Dst: 0xf919, Src: 0x0000"
"446","07:25:48.606706","0x0000","Broadcast","ZigBee","41","Command, Dst: Broadcast, Src: 0x0000"
"447","07:25:48.626878","0x0000","0xf919","ZigBee","48","Data, Dst: 0xf919, Src: 0x0000"
"448","07:25:48.630254","0x0000","0xf919","ZigBee","48","Data, Dst: 0xf919, Src: 0x0000"
"449","07:25:48.633442","0x0000","0xf919","ZigBee","48","Data, Dst: 0xf919, Src: 0x0000"
"450","07:25:48.638404","0x0000","0xf919","ZigBee","48","Data, Dst: 0xf919, Src: 0x0000"
"451","07:25:48.644454","0x0000","0xf919","ZigBee","65","Data, Dst: 0xf919, Src: 0x0000"
"452","07:25:48.649714","0x0000","0xf919","ZigBee","65","Data, Dst: 0xf919, Src: 0x0000"
"453","07:25:48.655222","0x0000","0xf919","ZigBee","65","Data, Dst: 0xf919, Src: 0x0000"
"454","07:25:48.660765","0x0000","0xf919","ZigBee","65","Data, Dst: 0xf919, Src: 0x0000"
"455","07:25:48.669775","0x0000","0xf919","ZigBee","48","Data, Dst: 0xf919, Src: 0x0000"
"456","07:25:48.673803","0x0000","0xf919","ZigBee","48","Data, Dst: 0xf919, Src: 0x0000"
"457","07:25:48.677237","0x0000","0xf919","ZigBee","48","Data, Dst: 0xf919, Src: 0x0000"
"458","07:25:48.720273","0x0000","0xf919","ZigBee","65","Data, Dst: 0xf919, Src: 0x0000"
"459","07:25:48.725495","0x0000","0xf919","ZigBee","65","Data, Dst: 0xf919, Src: 0x0000"
"460","07:25:48.731323","0x0000","0xf919","ZigBee","65","Data, Dst: 0xf919, Src: 0x0000"
"461","07:25:48.736523","0x0000","0xf919","ZigBee","65","Data, Dst: 0xf919, Src: 0x0000"
"462","07:25:48.742655","0x0000","0xf919","ZigBee","75","Command, Dst: 0xf919, Src: 0x0000"
"463","07:25:48.751892","0x0000","0xf919","ZigBee","75","Command, Dst: 0xf919, Src: 0x0000"
"464","07:25:48.758038","0x0000","0xf919","ZigBee","75","Command, Dst: 0xf919, Src: 0x0000"
"465","07:25:48.762624","0x0000","0xf919","ZigBee","75","Command, Dst: 0xf919, Src: 0x0000"
"466","07:25:48.766882","0x0000","0xf919","ZigBee","48","Data, Dst: 0xf919, Src: 0x0000"
"467","07:25:48.771872","0x0000","0xf919","ZigBee","48","Data, Dst: 0xf919, Src: 0x0000"
"468","07:25:48.776504","0x0000","0xf919","ZigBee","48","Data, Dst: 0xf919, Src: 0x0000"
"469","07:25:48.792686","0x0000","0xf919","ZigBee","48","Data, Dst: 0xf919, Src: 0x0000"
"470","07:25:48.799120","0x0000","0xf919","ZigBee","65","Data, Dst: 0xf919, Src: 0x0000"
"471","07:25:48.803336","0x0000","0xf919","ZigBee","65","Data, Dst: 0xf919, Src: 0x0000"
"472","07:25:48.821877","0x0000","0xf919","ZigBee","65","Data, Dst: 0xf919, Src: 0x0000"
"473","07:25:48.823864","0x0000","Broadcast","ZigBee","41","Command, Dst: Broadcast, Src: 0x0000"
"474","07:25:48.827145","0x0000","0xf919","ZigBee","65","Data, Dst: 0xf919, Src: 0x0000"
"475","07:25:48.873161","0x0000","0xf919","ZigBee","65","Data, Dst: 0xf919, Src: 0x0000"
"476","07:25:48.878419","0x0000","0xf919","ZigBee","65","Data, Dst: 0xf919, Src: 0x0000"
"477","07:25:48.878967","","","IEEE 802.15.4","3","Ack"
"478","07:25:48.930530","0x0000","Broadcast","ZigBee","57","Command, Dst: Broadcast, Src: 0x0000"
"479","07:25:48.993175","0x0000","0xf919","ZigBee","48","Data, Dst: 0xf919, Src: 0x0000"
"480","07:25:48.993722","","","IEEE 802.15.4","3","Ack"
"481","07:25:49.038237","0x0000","0xf919","ZigBee","54","Data, Dst: 0xf919, Src: 0x0000"
"482","07:25:49.038785","","","IEEE 802.15.4","3","Ack"
"483","07:25:49.134156","0x0000","Broadcast","ZigBee","41","Command, Dst: Broadcast, Src: 0x0000"
"484","07:25:49.262949","0x0000","0xf919","ZigBee","46","Data, Dst: 0xf919, Src: 0x0000"
"485","07:25:49.267549","0x0000","0xf919","ZigBee","46","Data, Dst: 0xf919, Src: 0x0000"
"486","07:25:49.272523","0x0000","0xf919","ZigBee","46","Data, Dst: 0xf919, Src: 0x0000"
"487","07:25:49.277517","0x0000","0xf919","ZigBee","46","Data, Dst: 0xf919, Src: 0x0000"
"488","07:25:49.282169","0x0000","Broadcast","ZigBee","57","Command, Dst: Broadcast, Src: 0x0000"
"489","07:25:49.315762","0x0000","0xf919","ZigBee","46","Data, Dst: 0xf919, Src: 0x0000"
"490","07:25:49.321020","0x0000","0xf919","ZigBee","46","Data, Dst: 0xf919, Src: 0x0000"
"491","07:25:49.334498","0x0000","0xf919","ZigBee","46","Data, Dst: 0xf919, Src: 0x0000"
"492","07:25:49.339128","0x0000","0xf919","ZigBee","46","Data, Dst: 0xf919, Src: 0x0000"
"493","07:25:49.365829","0x0000","0xf919","ZigBee","46","Data, Dst: 0xf919, Src: 0x0000"
"494","07:25:49.370153","0x0000","0xf919","ZigBee","46","Data, Dst: 0xf919, Src: 0x0000"
"495","07:25:49.373739","0x0000","0xf919","ZigBee","46","Data, Dst: 0xf919, Src: 0x0000"
"496","07:25:49.378289","0x0000","0xf919","ZigBee","46","Data, Dst: 0xf919, Src: 0x0000"
"497","07:25:49.406827","0x0000","0xf919","ZigBee","46","Data, Dst: 0xf919, Src: 0x0000"
"498","07:25:49.414759","0x0000","0xf919","ZigBee","46","Data, Dst: 0xf919, Src: 0x0000"
"499","07:25:49.415307","","","IEEE 802.15.4","3","Ack"
"500","07:25:49.424347","","Broadcast","IEEE 802.15.4","8","Beacon Request"
"501","07:25:49.427663","0x90f7","","ZigBee","26","Beacon, Src: 0x90f7, EPID: 81:c5:67:07:37:9e:7e:0e"
"502","07:25:49.539963","0x0000","","ZigBee","26","Beacon, Src: 0x0000, EPID: 81:c5:67:07:37:9e:7e:0e"
"503","07:25:49.543359","0x0000","Broadcast","ZigBee","57","Command, Dst: Broadcast, Src: 0x0000"
"504","07:25:49.597890","0xf919","Broadcast","ZigBee","55","Data, Dst: Broadcast, Src: 0xf919"
"505","07:25:49.620194","0xf919","Broadcast","ZigBee","45","Command, Dst: Broadcast, Src: 0xf919"
"506","07:25:49.642774","0x90f7","0x0000","ZigBee","53","Command, Dst: 0x0000, Src: 0x90f7"
"507","07:25:49.643317","","","IEEE 802.15.4","3","Ack"
"508","07:25:49.658166","0x90f7","0x0000","ZigBee","66","Data, Dst: 0x0000, Src: 0x90f7"
"509","07:25:49.658710","","","IEEE 802.15.4","3","Ack"
"510","07:25:49.669830","0xf919","Broadcast","ZigBee","55","Data, Dst: Broadcast, Src: 0xf919"
"511","07:25:49.672282","0xf919","Broadcast","ZigBee","55","Data, Dst: Broadcast, Src: 0xf919"
"512","07:25:49.858101","0x0000","Broadcast","ZigBee","57","Command, Dst: Broadcast, Src: 0x0000"
"513","07:25:49.880281","0x0000","Broadcast","ZigBee","41","Command, Dst: Broadcast, Src: 0x0000"
"514","07:25:50.225680","0x0000","Broadcast","ZigBee","57","Command, Dst: Broadcast, Src: 0x0000"
"515","07:25:50.479699","0x0000","Broadcast","ZigBee","41","Command, Dst: Broadcast, Src: 0x0000"
"516","07:25:50.501020","0x0000","Broadcast","ZigBee","57","Command, Dst: Broadcast, Src: 0x0000"
"517","07:25:50.790446","0x0000","Broadcast","ZigBee","57","Command, Dst: Broadcast, Src: 0x0000"
"518","07:25:50.955128","0x0000","0xf919","ZigBee","69","Data, Dst: 0xf919, Src: 0x0000"
"519","07:25:50.955676","","","IEEE 802.15.4","3","Ack"
"520","07:25:50.978731","0x0000","0xf919","ZigBee","69","Data, Dst: 0xf919, Src: 0x0000"
"521","07:25:51.024821","0x0000","0xf919","ZigBee","69","Data, Dst: 0xf919, Src: 0x0000"
"522","07:25:51.025369","","","IEEE 802.15.4","3","Ack"
"523","07:25:51.028265","0x0000","0xf919","ZigBee","69","Data, Dst: 0xf919, Src: 0x0000"
"524","07:25:51.051721","0x0000","0xf919","ZigBee","69","Data, Dst: 0xf919, Src: 0x0000"
"525","07:25:51.075177","0x0000","0xf919","ZigBee","69","Data, Dst: 0xf919, Src: 0x0000"
"526","07:25:51.098632","0x0000","0xf919","ZigBee","69","Data, Dst: 0xf919, Src: 0x0000"
"527","07:25:52.563737","0x0000","0xf919","ZigBee","69","Data, Dst: 0xf919, Src: 0x0000"
"528","07:25:52.564285","","","IEEE 802.15.4","3","Ack"
"529","07:25:52.587341","0x0000","0xf919","ZigBee","69","Data, Dst: 0xf919, Src: 0x0000"
"530","07:25:52.610829","0x0000","0xf919","ZigBee","69","Data, Dst: 0xf919, Src: 0x0000"
"531","07:25:52.633060","0x0000","0xf919","ZigBee","69","Data, Dst: 0xf919, Src: 0x0000"
"532","07:25:52.637632","0x0000","0xf919","ZigBee","69","Data, Dst: 0xf919, Src: 0x0000"
"533","07:25:52.638179","","","IEEE 802.15.4","3","Ack"
"534","07:25:52.664483","0x0000","0xf919","ZigBee","69","Data, Dst: 0xf919, Src: 0x0000"
"535","07:25:52.697287","0x0000","0xf919","ZigBee","69","Data, Dst: 0xf919, Src: 0x0000"
"536","07:25:52.720743","0x0000","0xf919","ZigBee","69","Data, Dst: 0xf919, Src: 0x0000"
"537","07:25:52.964590","0x0000","0xf919","ZigBee","58","Data, Dst: 0xf919, Src: 0x0000"
"538","07:25:52.965137","","","IEEE 802.15.4","3","Ack"
"539","07:25:52.987841","0x0000","0xf919","ZigBee","58","Data, Dst: 0xf919, Src: 0x0000"
"540","07:25:53.010945","0x0000","0xf919","ZigBee","58","Data, Dst: 0xf919, Src: 0x0000"
"541","07:25:53.023157","0x0000","0xf919","ZigBee","59","Data, Dst: 0xf919, Src: 0x0000"
"542","07:25:53.023704","","","IEEE 802.15.4","3","Ack"
"543","07:25:53.026248","0x0000","0xf919","ZigBee","58","Data, Dst: 0xf919, Src: 0x0000"
"544","07:25:53.049352","0x0000","0xf919","ZigBee","58","Data, Dst: 0xf919, Src: 0x0000"
"545","07:25:53.072520","0x0000","0xf919","ZigBee","59","Data, Dst: 0xf919, Src: 0x0000"
"546","07:25:53.095688","0x0000","0xf919","ZigBee","59","Data, Dst: 0xf919, Src: 0x0000"
"547","07:25:53.118856","0x0000","0xf919","ZigBee","59","Data, Dst: 0xf919, Src: 0x0000"
"548","07:25:53.142024","0x0000","0xf919","ZigBee","59","Data, Dst: 0xf919, Src: 0x0000"
"549","07:25:54.059091","0x0000","0xf919","ZigBee","50","Data, Dst: 0xf919, Src: 0x0000"
"550","07:25:54.059639","","","IEEE 802.15.4","3","Ack"
"551","07:25:54.082087","0x0000","0xf919","ZigBee","50","Data, Dst: 0xf919, Src: 0x0000"
"552","07:25:54.104967","0x0000","0xf919","ZigBee","50","Data, Dst: 0xf919, Src: 0x0000"
"553","07:25:54.127846","0x0000","0xf919","ZigBee","50","Data, Dst: 0xf919, Src: 0x0000"
"554","07:25:54.150726","0x0000","0xf919","ZigBee","50","Data, Dst: 0xf919, Src: 0x0000"
"555","07:25:54.175430","0x0000","0xf919","ZigBee","69","Data, Dst: 0xf919, Src: 0x0000"
"556","07:25:54.175978","","","IEEE 802.15.4","3","Ack"
"557","07:25:54.222538","0x0000","0xf919","ZigBee","69","Data, Dst: 0xf919, Src: 0x0000"
"558","07:25:54.243875","0x0000","0xf919","ZigBee","69","Data, Dst: 0xf919, Src: 0x0000"
"559","07:25:54.244423","","","IEEE 802.15.4","3","Ack"
"560","07:25:54.247303","0x0000","0xf919","ZigBee","69","Data, Dst: 0xf919, Src: 0x0000"
"561","07:25:54.270791","0x0000","0xf919","ZigBee","69","Data, Dst: 0xf919, Src: 0x0000"
"562","07:25:54.294983","0x0000","0xf919","ZigBee","69","Data, Dst: 0xf919, Src: 0x0000"
"563","07:25:54.318471","0x0000","0xf919","ZigBee","69","Data, Dst: 0xf919, Src: 0x0000"
"564","07:25:54.341958","0x0000","0xf919","ZigBee","69","Data, Dst: 0xf919, Src: 0x0000"
"565","07:25:54.572639","0x0000","0xf919","ZigBee","58","Data, Dst: 0xf919, Src: 0x0000"
"566","07:25:54.573186","","","IEEE 802.15.4","3","Ack"
"567","07:25:54.595874","0x0000","0xf919","ZigBee","58","Data, Dst: 0xf919, Src: 0x0000"
"568","07:25:54.619010","0x0000","0xf919","ZigBee","58","Data, Dst: 0xf919, Src: 0x0000"
"569","07:25:54.633057","0x0000","0xf919","ZigBee","59","Data, Dst: 0xf919, Src: 0x0000"
"570","07:25:54.633605","","","IEEE 802.15.4","3","Ack"
"571","07:25:54.636133","0x0000","0xf919","ZigBee","58","Data, Dst: 0xf919, Src: 0x0000"
"572","07:25:54.682405","0x0000","0xf919","ZigBee","59","Data, Dst: 0xf919, Src: 0x0000"
"573","07:25:54.705572","0x0000","0xf919","ZigBee","59","Data, Dst: 0xf919, Src: 0x0000"
"574","07:25:54.728740","0x0000","0xf919","ZigBee","59","Data, Dst: 0xf919, Src: 0x0000"
"575","07:25:54.751908","0x0000","0xf919","ZigBee","59","Data, Dst: 0xf919, Src: 0x0000"
"576","07:25:54.964818","0x0000","0xf919","ZigBee","69","Data, Dst: 0xf919, Src: 0x0000"
"577","07:25:54.965365","","","IEEE 802.15.4","3","Ack"
"578","07:25:54.988421","0x0000","0xf919","ZigBee","69","Data, Dst: 0xf919, Src: 0x0000"
"579","07:25:55.011909","0x0000","0xf919","ZigBee","69","Data, Dst: 0xf919, Src: 0x0000"
"580","07:25:55.035397","0x0000","0xf919","ZigBee","69","Data, Dst: 0xf919, Src: 0x0000"
"581","07:25:55.058885","0x0000","0xf919","ZigBee","69","Data, Dst: 0xf919, Src: 0x0000"
"582","07:25:55.087883","","Broadcast","IEEE 802.15.4","8","Beacon Request"
"583","07:25:55.089983","0x90f7","","ZigBee","26","Beacon, Src: 0x90f7, EPID: 81:c5:67:07:37:9e:7e:0e"
"584","07:25:55.178020","0x0000","","ZigBee","26","Beacon, Src: 0x0000, EPID: 81:c5:67:07:37:9e:7e:0e"
"585","07:25:55.728882","0x0000","0xf919","ZigBee","50","Data, Dst: 0xf919, Src: 0x0000"
"586","07:25:55.729430","","","IEEE 802.15.4","3","Ack"
"587","07:25:55.751878","0x0000","0xf919","ZigBee","50","Data, Dst: 0xf919, Src: 0x0000"
"588","07:25:55.774758","0x0000","0xf919","ZigBee","50","Data, Dst: 0xf919, Src: 0x0000"
"589","07:25:55.797638","0x0000","0xf919","ZigBee","50","Data, Dst: 0xf919, Src: 0x0000"
"590","07:25:55.820518","0x0000","0xf919","ZigBee","50","Data, Dst: 0xf919, Src: 0x0000"
"591","07:25:56.240179","0x0000","0xf919","ZigBee","58","Data, Dst: 0xf919, Src: 0x0000"
"592","07:25:56.246673","0x0000","0xf919","ZigBee","59","Data, Dst: 0xf919, Src: 0x0000"
"593","07:25:56.247221","","","IEEE 802.15.4","3","Ack"
"594","07:25:56.249765","0x0000","0xf919","ZigBee","58","Data, Dst: 0xf919, Src: 0x0000"
"595","07:25:56.260772","0x0000","0xf919","ZigBee","58","Data, Dst: 0xf919, Src: 0x0000"
"596","07:25:56.283908","0x0000","0xf919","ZigBee","58","Data, Dst: 0xf919, Src: 0x0000"
"597","07:25:56.307044","0x0000","0xf919","ZigBee","58","Data, Dst: 0xf919, Src: 0x0000"
"598","07:25:56.330212","0x0000","0xf919","ZigBee","59","Data, Dst: 0xf919, Src: 0x0000"
"599","07:25:56.353379","0x0000","0xf919","ZigBee","59","Data, Dst: 0xf919, Src: 0x0000"
"600","07:25:56.376547","0x0000","0xf919","ZigBee","59","Data, Dst: 0xf919, Src: 0x0000"
"601","07:25:56.399715","0x0000","0xf919","ZigBee","59","Data, Dst: 0xf919, Src: 0x0000"
"602","07:25:56.563289","0x0000","0xf919","ZigBee","69","Data, Dst: 0xf919, Src: 0x0000"
"603","07:25:56.563837","","","IEEE 802.15.4","3","Ack"
"604","07:25:56.586909","0x0000","0xf919","ZigBee","69","Data, Dst: 0xf919, Src: 0x0000"
"605","07:25:56.610398","0x0000","0xf919","ZigBee","69","Data, Dst: 0xf919, Src: 0x0000"
"606","07:25:56.633886","0x0000","0xf919","ZigBee","69","Data, Dst: 0xf919, Src: 0x0000"
"607","07:25:56.983078","0x0000","0xf919","ZigBee","59","Data, Dst: 0xf919, Src: 0x0000"
"608","07:25:56.983625","","","IEEE 802.15.4","3","Ack"
"609","07:25:57.006361","0x0000","0xf919","ZigBee","59","Data, Dst: 0xf919, Src: 0x0000"
"610","07:25:57.029529","0x0000","0xf919","ZigBee","59","Data, Dst: 0xf919, Src: 0x0000"
"611","07:25:57.052697","0x0000","0xf919","ZigBee","59","Data, Dst: 0xf919, Src: 0x0000"
"612","07:25:57.075865","0x0000","0xf919","ZigBee","59","Data, Dst: 0xf919, Src: 0x0000"
"613","07:25:57.278835","0x0000","0xf919","ZigBee","50","Data, Dst: 0xf919, Src: 0x0000"
"614","07:25:57.279383","","","IEEE 802.15.4","3","Ack"
"615","07:25:57.301815","0x0000","0xf919","ZigBee","50","Data, Dst: 0xf919, Src: 0x0000"
"616","07:25:57.804109","0x0000","Broadcast","ZigBee","49","Command, Dst: Broadcast, Src: 0x0000"
"617","07:25:57.876689","0x0000","Broadcast","ZigBee","41","Command, Dst: Broadcast, Src: 0x0000"
"618","07:25:58.098789","","Broadcast","IEEE 802.15.4","8","Beacon Request"
"619","07:25:58.100889","0x90f7","","ZigBee","26","Beacon, Src: 0x90f7, EPID: 81:c5:67:07:37:9e:7e:0e"
"620","07:25:58.121243","0x0000","","ZigBee","26","Beacon, Src: 0x0000, EPID: 81:c5:67:07:37:9e:7e:0e"
"621","07:25:58.151228","0x0000","Broadcast","ZigBee","49","Command, Dst: Broadcast, Src: 0x0000"
"622","07:25:58.173391","0x0000","Broadcast","ZigBee","41","Command, Dst: Broadcast, Src: 0x0000"
"623","07:25:58.177300","0x0000","0xf919","ZigBee","69","Data, Dst: 0xf919, Src: 0x0000"
"624","07:25:58.177848","","","IEEE 802.15.4","3","Ack"
"625","07:25:58.200919","0x0000","0xf919","ZigBee","69","Data, Dst: 0xf919, Src: 0x0000"
"626","07:25:58.224408","0x0000","0xf919","ZigBee","69","Data, Dst: 0xf919, Src: 0x0000"
"627","07:25:58.247895","0x0000","0xf919","ZigBee","69","Data, Dst: 0xf919, Src: 0x0000"
"628","07:25:58.271383","0x0000","0xf919","ZigBee","69","Data, Dst: 0xf919, Src: 0x0000"
"629","07:25:58.475414","0x0000","Broadcast","ZigBee","41","Command, Dst: Broadcast, Src: 0x0000"
"630","07:25:58.506768","0x0000","Broadcast","ZigBee","49","Command, Dst: Broadcast, Src: 0x0000"
"631","07:25:58.582769","0x0000","0xf919","ZigBee","59","Data, Dst: 0xf919, Src: 0x0000"
"632","07:25:58.583317","","","IEEE 802.15.4","3","Ack"
"633","07:25:58.606069","0x0000","0xf919","ZigBee","59","Data, Dst: 0xf919, Src: 0x0000"
"634","07:25:58.629237","0x0000","0xf919","ZigBee","59","Data, Dst: 0xf919, Src: 0x0000"
"635","07:25:58.652405","0x0000","0xf919","ZigBee","59","Data, Dst: 0xf919, Src: 0x0000"
"636","07:25:58.675572","0x0000","0xf919","ZigBee","59","Data, Dst: 0xf919, Src: 0x0000"
"637","07:25:58.870878","0x0000","Broadcast","ZigBee","49","Command, Dst: Broadcast, Src: 0x0000"
"638","07:26:00.163813","0x0000","Broadcast","ZigBee","49","Command, Dst: Broadcast, Src: 0x0000"
"639","07:26:00.193768","0x0000","0xf919","ZigBee","59","Data, Dst: 0xf919, Src: 0x0000"
"640","07:26:00.196315","0x0000","Broadcast","ZigBee","41","Command, Dst: Broadcast, Src: 0x0000"
"641","07:26:00.204638","0x0000","0xf919","ZigBee","59","Data, Dst: 0xf919, Src: 0x0000"
"642","07:26:00.205185","","","IEEE 802.15.4","3","Ack"
"643","07:26:00.207761","0x0000","0xf919","ZigBee","59","Data, Dst: 0xf919, Src: 0x0000"
"644","07:26:00.230897","0x0000","0xf919","ZigBee","59","Data, Dst: 0xf919, Src: 0x0000"
"645","07:26:00.254065","0x0000","0xf919","ZigBee","59","Data, Dst: 0xf919, Src: 0x0000"
"646","07:26:00.277233","0x0000","0xf919","ZigBee","59","Data, Dst: 0xf919, Src: 0x0000"
"647","07:26:00.470605","0x0000","Broadcast","ZigBee","49","Command, Dst: Broadcast, Src: 0x0000"
"648","07:26:00.831985","0x0000","Broadcast","ZigBee","49","Command, Dst: Broadcast, Src: 0x0000"
"649","07:26:01.073965","","Broadcast","IEEE 802.15.4","8","Beacon Request"
"650","07:26:01.077584","0x90f7","","ZigBee","26","Beacon, Src: 0x90f7, EPID: 81:c5:67:07:37:9e:7e:0e"
"651","07:26:01.166459","0x0000","Broadcast","ZigBee","49","Command, Dst: Broadcast, Src: 0x0000"
"652","07:26:01.191498","0x0000","","ZigBee","26","Beacon, Src: 0x0000, EPID: 81:c5:67:07:37:9e:7e:0e"
"653","07:26:01.746477","0x90f7","Broadcast","ZigBee","48","Command, Dst: Broadcast, Src: 0x90f7"
"654","07:26:04.044450","","Broadcast","IEEE 802.15.4","8","Beacon Request"
"655","07:26:04.048102","0x90f7","","ZigBee","26","Beacon, Src: 0x90f7, EPID: 81:c5:67:07:37:9e:7e:0e"
"656","07:26:04.068012","0x0000","0xf919","ZigBee","50","Data, Dst: 0xf919, Src: 0x0000"
"657","07:26:04.092543","0x0000","0xf919","ZigBee","50","Data, Dst: 0xf919, Src: 0x0000"
"658","07:26:04.102090","0x0000","0xf919","ZigBee","50","Data, Dst: 0xf919, Src: 0x0000"
"659","07:26:04.106830","0x0000","","ZigBee","26","Beacon, Src: 0x0000, EPID: 81:c5:67:07:37:9e:7e:0e"
"660","07:26:04.109122","0x0000","0xf919","ZigBee","50","Data, Dst: 0xf919, Src: 0x0000"
"661","07:26:04.131970","0x0000","0xf919","ZigBee","50","Data, Dst: 0xf919, Src: 0x0000"
"662","07:26:05.408288","0x0000","Broadcast","ZigBee","48","Command, Dst: Broadcast, Src: 0x0000"
"663","07:26:05.677317","0x0000","0xf919","ZigBee","50","Data, Dst: 0xf919, Src: 0x0000"
"664","07:26:05.677865","","","IEEE 802.15.4","3","Ack"
"665","07:26:05.700313","0x0000","0xf919","ZigBee","50","Data, Dst: 0xf919, Src: 0x0000"
"666","07:26:05.723161","0x0000","0xf919","ZigBee","50","Data, Dst: 0xf919, Src: 0x0000"
"667","07:26:05.746009","0x0000","0xf919","ZigBee","50","Data, Dst: 0xf919, Src: 0x0000"
"668","07:26:05.768857","0x0000","0xf919","ZigBee","50","Data, Dst: 0xf919, Src: 0x0000"
"669","07:26:07.083842","","Broadcast","IEEE 802.15.4","8","Beacon Request"
"670","07:26:07.085942","0x90f7","","ZigBee","26","Beacon, Src: 0x90f7, EPID: 81:c5:67:07:37:9e:7e:0e"
"671","07:26:07.165244","0x0000","","ZigBee","26","Beacon, Src: 0x0000, EPID: 81:c5:67:07:37:9e:7e:0e"
"672","07:26:07.288162","0x0000","0xf919","ZigBee","50","Data, Dst: 0xf919, Src: 0x0000"
"673","07:26:07.288710","","","IEEE 802.15.4","3","Ack"
"674","07:26:07.311157","0x0000","0xf919","ZigBee","50","Data, Dst: 0xf919, Src: 0x0000"
"675","07:26:07.334005","0x0000","0xf919","ZigBee","50","Data, Dst: 0xf919, Src: 0x0000"
"676","07:26:07.356853","0x0000","0xf919","ZigBee","50","Data, Dst: 0xf919, Src: 0x0000"
"677","07:26:07.379701","0x0000","0xf919","ZigBee","50","Data, Dst: 0xf919, Src: 0x0000"
"678","07:26:10.081910","","Broadcast","IEEE 802.15.4","8","Beacon Request"
"679","07:26:10.084906","0x90f7","","ZigBee","26","Beacon, Src: 0x90f7, EPID: 81:c5:67:07:37:9e:7e:0e"
"680","07:26:10.138193","0x0000","","ZigBee","26","Beacon, Src: 0x0000, EPID: 81:c5:67:07:37:9e:7e:0e"
"681","07:26:12.114126","0x0000","Broadcast","ZigBee","49","Command, Dst: Broadcast, Src: 0x0000"
"682","07:26:12.380276","0x0000","Broadcast","ZigBee","49","Command, Dst: Broadcast, Src: 0x0000"
"683","07:26:12.681030","0x0000","Broadcast","ZigBee","49","Command, Dst: Broadcast, Src: 0x0000"
"684","07:26:13.033516","","Broadcast","IEEE 802.15.4","8","Beacon Request"
"685","07:26:13.036544","0x90f7","","ZigBee","26","Beacon, Src: 0x90f7, EPID: 81:c5:67:07:37:9e:7e:0e"
"686","07:26:13.045817","0x0000","Broadcast","ZigBee","49","Command, Dst: Broadcast, Src: 0x0000"
"687","07:26:13.101464","0x0000","","ZigBee","26","Beacon, Src: 0x0000, EPID: 81:c5:67:07:37:9e:7e:0e"
"688","07:26:15.934887","0x0000","Broadcast","ZigBee","46","Data, Dst: Broadcast, Src: 0x0000"
"689","07:26:15.965143","0x0000","Broadcast","ZigBee","46","Data, Dst: Broadcast, Src: 0x0000"
"690","07:26:16.053364","","Broadcast","IEEE 802.15.4","8","Beacon Request"
"691","07:26:16.056056","0x90f7","","ZigBee","26","Beacon, Src: 0x90f7, EPID: 81:c5:67:07:37:9e:7e:0e"
"692","07:26:16.082363","0x0000","","ZigBee","26","Beacon, Src: 0x0000, EPID: 81:c5:67:07:37:9e:7e:0e"
"693","07:26:16.415445","0x0000","Broadcast","ZigBee","46","Data, Dst: Broadcast, Src: 0x0000"
"694","07:26:16.556330","ff:fe:70:2c:1f:81:54:79","0x0000","IEEE 802.15.4","19","Association Request, FFD"
"695","07:26:16.556874","","","IEEE 802.15.4","3","Ack"
"696","07:26:16.750621","0x90f7","Broadcast","ZigBee","48","Command, Dst: Broadcast, Src: 0x90f7"
"697","07:26:16.871816","0x0000","Broadcast","ZigBee","46","Data, Dst: Broadcast, Src: 0x0000"
"698","07:26:17.068715","ff:fe:70:2c:1f:81:54:79","0x0000","IEEE 802.15.4","16","Data Request"
"699","07:26:17.069259","","","IEEE 802.15.4","3","Ack"
"700","07:26:17.072023","28:6d:97:00:02:05:92:fc","ff:fe:70:2c:1f:81:54:79","IEEE 802.15.4","25","Association Response, PAN: 0xf836 Addr: 0x50e4"
"701","07:26:17.072571","","","IEEE 802.15.4","3","Ack"
"702","07:26:17.081333","0x0000","0x50e4","ZigBee","71","Transport Key"
"703","07:26:17.081881","","","IEEE 802.15.4","3","Ack"
"704","07:26:17.114600","0x50e4","Broadcast","ZigBee ZDP","55","Device Announcement, Nwk Addr: 0x50e4, Ext Addr: ff:fe:70:2c:1f:81:54:79"
"705","07:26:17.124399","0x0000","Broadcast","ZigBee","49","Many-to-One Route Request, Dst: 0xfffc, Src: 0x0000"
"706","07:26:17.141148","0x50e4","Broadcast","ZigBee ZDP","55","Device Announcement, Nwk Addr: 0x50e4, Ext Addr: ff:fe:70:2c:1f:81:54:79"
"707","07:26:17.143615","0x50e4","Broadcast","ZigBee ZDP","55","Device Announcement, Nwk Addr: 0x50e4, Ext Addr: ff:fe:70:2c:1f:81:54:79"
"708","07:26:17.166223","0x50e4","Broadcast","ZigBee ZDP","55","Device Announcement, Nwk Addr: 0x50e4, Ext Addr: ff:fe:70:2c:1f:81:54:79"
"709","07:26:17.185938","0x0000","0x50e4","ZigBee ZDP","46","Active Endpoint Request, Nwk Addr: 0x50e4"
"710","07:26:17.186486","","","IEEE 802.15.4","3","Ack"
"711","07:26:17.191382","0x0000","Broadcast","ZigBee","41","Many-to-One Route Request, Dst: 0xfffc, Src: 0x0000"
"712","07:26:17.196566","0x0000","Broadcast","ZigBee","41","Many-to-One Route Request, Dst: 0xfffc, Src: 0x0000"
"713","07:26:17.219110","0x50e4","0x0000","ZigBee","53","Route Record, Dst: 0x0000"
"714","07:26:17.219654","","","IEEE 802.15.4","3","Ack"
"715","07:26:17.234185","0x50e4","0x0000","ZigBee","53","Route Record, Dst: 0x0000"
"716","07:26:17.234729","","","IEEE 802.15.4","3","Ack"
"717","07:26:17.256972","0x50e4","0x0000","ZigBee","43","APS: Ack, Dst Endpt: 0, Src Endpt: 0"
"718","07:26:17.257516","","","IEEE 802.15.4","3","Ack"
"719","07:26:17.279984","0x50e4","0x0000","ZigBee ZDP","50","Active Endpoint Response, Nwk Addr: 0x50e4, Status: Success"
"720","07:26:17.280528","","","IEEE 802.15.4","3","Ack"
"721","07:26:17.325532","0x0000","0x50e4","ZigBee ZDP","47","Simple Descriptor Request, Nwk Addr: 0x50e4, Endpoint: 8"
"722","07:26:17.326080","","","IEEE 802.15.4","3","Ack"
"723","07:26:17.348304","0x50e4","0x0000","ZigBee","43","APS: Ack, Dst Endpt: 0, Src Endpt: 0"
"724","07:26:17.348848","","","IEEE 802.15.4","3","Ack"
"725","07:26:17.371939","0x50e4","0x0000","ZigBee ZDP","70","Simple Descriptor Response, Nwk Addr: 0x50e4, Status: Success"
"726","07:26:17.372483","","","IEEE 802.15.4","3","Ack"
"727","07:26:17.433563","0x0000","Broadcast","ZigBee","49","Many-to-One Route Request, Dst: 0xfffc, Src: 0x0000"
"728","07:26:17.511873","0x0000","0x50e4","ZigBee HA","48","ZCL: Read Attributes, Seq: 95"
"729","07:26:17.512420","","","IEEE 802.15.4","3","Ack"
"730","07:26:17.534660","0x50e4","0x0000","ZigBee","43","APS: Ack, Dst Endpt: 1, Src Endpt: 8"
"731","07:26:17.535204","","","IEEE 802.15.4","3","Ack"
"732","07:26:17.557639","0x50e4","0x0000","ZigBee HA","49","ZCL: Read Attributes Response, Seq: 95"
"733","07:26:17.558183","","","IEEE 802.15.4","3","Ack"
"734","07:26:17.610727","0x0000","0x50e4","ZigBee HA","48","ZCL: Read Attributes, Seq: 96"
"735","07:26:17.611274","","","IEEE 802.15.4","3","Ack"
"736","07:26:17.619079","0x50e4","0x0000","ZigBee","43","APS: Ack, Dst Endpt: 1, Src Endpt: 8"
"737","07:26:17.619623","","","IEEE 802.15.4","3","Ack"
"738","07:26:17.642731","0x50e4","0x0000","ZigBee HA","70","ZCL: Read Attributes Response, Seq: 96"
"739","07:26:17.643275","","","IEEE 802.15.4","3","Ack"
"740","07:26:17.711736","0x0000","0x50e4","ZigBee HA","48","ZCL: Read Attributes, Seq: 97"
"741","07:26:17.712284","","","IEEE 802.15.4","3","Ack"
"742","07:26:17.734508","0x50e4","0x0000","ZigBee","43","APS: Ack, Dst Endpt: 1, Src Endpt: 8"
"743","07:26:17.735052","","","IEEE 802.15.4","3","Ack"
"744","07:26:17.741967","0x50e4","0x0000","ZigBee HA","66","ZCL: Read Attributes Response, Seq: 97"
"745","07:26:17.742511","","","IEEE 802.15.4","3","Ack"
"746","07:26:17.811765","0x0000","0x50e4","ZigBee ZDP","47","Simple Descriptor Request, Nwk Addr: 0x50e4, Endpoint: 240"
"747","07:26:17.812313","","","IEEE 802.15.4","3","Ack"
"748","07:26:17.818399","0x0000","Broadcast","ZigBee","49","Many-to-One Route Request, Dst: 0xfffc, Src: 0x0000"
"749","07:26:17.822659","0x50e4","0x0000","ZigBee","43","APS: Ack, Dst Endpt: 0, Src Endpt: 0"
"750","07:26:17.823203","","","IEEE 802.15.4","3","Ack"
"751","07:26:17.855174","0x50e4","0x0000","ZigBee ZDP","58","Simple Descriptor Response, Nwk Addr: 0x50e4, Status: Success"
"752","07:26:17.855718","","","IEEE 802.15.4","3","Ack"
"753","07:26:17.919205","0x0000","0x50e4","ZigBee ZDP","45","Binding Table Request"
"754","07:26:17.919752","","","IEEE 802.15.4","3","Ack"
"755","07:26:17.941992","0x50e4","0x0000","ZigBee","43","APS: Ack, Dst Endpt: 0, Src Endpt: 0"
"756","07:26:17.942536","","","IEEE 802.15.4","3","Ack"
"757","07:26:17.964939","0x50e4","0x0000","ZigBee ZDP","48","Binding Table Response, Status: Success"
"758","07:26:17.965483","","","IEEE 802.15.4","3","Ack"
"759","07:26:18.196658","0x0000","Broadcast","ZigBee","49","Many-to-One Route Request, Dst: 0xfffc, Src: 0x0000"
"760","07:26:18.209222","0x0000","0x50e4","ZigBee HA","48","ZCL: Read Attributes, Seq: 98"
"761","07:26:18.209770","","","IEEE 802.15.4","3","Ack"
"762","07:26:18.232010","0x50e4","0x0000","ZigBee","43","APS: Ack, Dst Endpt: 1, Src Endpt: 8"
"763","07:26:18.232554","","","IEEE 802.15.4","3","Ack"
"764","07:26:18.247021","0x50e4","0x0000","ZigBee HA","51","ZCL: Read Attributes Response, Seq: 98"
"765","07:26:18.247566","","","IEEE 802.15.4","3","Ack"
"766","07:26:19.472978","0x0000","Broadcast","ZigBee","51","Link Status"
"767","07:26:20.114172","0x50e4","0x0000","ZigBee ZDP","46","Node Descriptor Request, Nwk Addr: 0x0000"
"768","07:26:20.114716","","","IEEE 802.15.4","3","Ack"
"769","07:26:20.131125","0x0000","0x50e4","ZigBee ZDP","60","Node Descriptor Response, Rev: 22, Nwk Addr: 0x0000, Status: Success"
"770","07:26:20.131673","","","IEEE 802.15.4","3","Ack"
"771","07:26:20.154329","0x50e4","0x0000","ZigBee","56","Request Key"
"772","07:26:20.154873","","","IEEE 802.15.4","3","Ack"
"773","07:26:20.165286","0x0000","0x50e4","ZigBee","88","Transport Key"
"774","07:26:20.165833","","","IEEE 802.15.4","3","Ack"
"775","07:26:20.188697","0x50e4","0x0000","ZigBee","63","Verify Key"
"776","07:26:20.189241","","","IEEE 802.15.4","3","Ack"
"777","07:26:20.197500","0x0000","0x50e4","ZigBee","65","Confirm Key, SUCCESS"
"778","07:26:20.198047","","","IEEE 802.15.4","3","Ack"
"779","07:26:20.205972","0x0000","0x50e4","ZigBee HA","48","ZCL: Read Attributes, Seq: 99"
"780","07:26:20.206520","","","IEEE 802.15.4","3","Ack"
"781","07:26:20.211896","0x50e4","Broadcast","ZigBee ZDP","46","Permit Join Request"
"782","07:26:20.234136","0x50e4","0x0000","ZigBee","43","APS: Ack, Dst Endpt: 1, Src Endpt: 8"
"783","07:26:20.234680","","","IEEE 802.15.4","3","Ack"
"784","07:26:20.238163","0x50e4","Broadcast","ZigBee ZDP","46","Permit Join Request"
"785","07:26:20.243382","0x50e4","0x0000","ZigBee HA","51","ZCL: Read Attributes Response, Seq: 99"
"786","07:26:20.243926","","","IEEE 802.15.4","3","Ack"
"787","07:26:20.687438","0x50e4","Broadcast","ZigBee ZDP","46","Permit Join Request"
"788","07:26:21.152303","0x50e4","Broadcast","ZigBee ZDP","46","Permit Join Request"
"789","07:26:22.351600","0x0000","0x50e4","ZigBee HA","48","ZCL: Read Attributes, Seq: 100"
"790","07:26:22.352147","","","IEEE 802.15.4","3","Ack"
"791","07:26:22.374387","0x50e4","0x0000","ZigBee","43","APS: Ack, Dst Endpt: 1, Src Endpt: 8"
"792","07:26:22.374931","","","IEEE 802.15.4","3","Ack"
"793","07:26:22.397446","0x50e4","0x0000","ZigBee HA","52","ZCL: Read Attributes Response, Seq: 100"
"794","07:26:22.397990","","","IEEE 802.15.4","3","Ack"
"795","07:26:22.833055","0x0000","Broadcast","ZigBee ZDP","46","Permit Join Request"
"796","07:26:22.885650","0x0000","Broadcast","ZigBee ZDP","46","Permit Join Request"
"797","07:26:22.887814","0x0000","Broadcast","ZigBee ZDP","46","Permit Join Request"
"798","07:26:23.288787","0x0000","Broadcast","ZigBee ZDP","46","Permit Join Request"
"799","07:26:23.788015","0x0000","Broadcast","ZigBee ZDP","46","Permit Join Request"
"800","07:26:24.198951","0x0000","0x50e4","ZigBee ZDP","65","Bind Request, On/Off (Cluster ID: 0x0006) Src: ff:fe:70:2c:1f:81:54:79, Dst: SAMJIN_00:02:05:92:fc"
"801","07:26:24.199499","","","IEEE 802.15.4","3","Ack"
"802","07:26:24.221739","0x50e4","0x0000","ZigBee","43","APS: Ack, Dst Endpt: 0, Src Endpt: 0"
"803","07:26:24.222283","","","IEEE 802.15.4","3","Ack"
"804","07:26:24.254686","0x50e4","0x0000","ZigBee ZDP","45","Bind Response, Status: Success"
"805","07:26:24.255230","","","IEEE 802.15.4","3","Ack"
"806","07:26:24.277698","0x50e4","0x0000","ZigBee HA","50","ZCL: Report Attributes, Seq: 1"
"807","07:26:24.278242","","","IEEE 802.15.4","3","Ack"
"808","07:26:24.327827","0x0000","0x50e4","ZigBee HA","48","ZCL: Default Response, Seq: 1"
"809","07:26:24.328375","","","IEEE 802.15.4","3","Ack"
"810","07:26:24.350599","0x50e4","0x0000","ZigBee","43","APS: Ack, Dst Endpt: 1, Src Endpt: 8"
"811","07:26:24.351143","","","IEEE 802.15.4","3","Ack"
"812","07:26:24.373530","0x50e4","0x0000","ZigBee HA","48","ZCL: Default Response, Seq: 1"
"813","07:26:24.374074","","","IEEE 802.15.4","3","Ack"
"814","07:26:26.284390","0x0000","0x50e4","ZigBee HA","54","ZCL: Configure Reporting, Seq: 101"
"815","07:26:26.284938","","","IEEE 802.15.4","3","Ack"
"816","07:26:26.307162","0x50e4","0x0000","ZigBee","43","APS: Ack, Dst Endpt: 1, Src Endpt: 8"
"817","07:26:26.307706","","","IEEE 802.15.4","3","Ack"
"818","07:26:26.330077","0x50e4","0x0000","ZigBee HA","47","ZCL: Configure Reporting Response, Seq: 101"
"819","07:26:26.330621","","","IEEE 802.15.4","3","Ack"
"820","07:26:27.220881","0x50e4","Broadcast","ZigBee ZDP","52","Match Descriptor Request, Nwk Addr: 0xfffd, Profile: 0x0104"
"821","07:26:27.231017","0x0000","0x50e4","ZigBee ZDP","49","Match Descriptor Response, Nwk Addr: 0x0000, Status: Success"
"822","07:26:27.231565","","","IEEE 802.15.4","3","Ack"
"823","07:26:27.251408","0x50e4","Broadcast","ZigBee ZDP","52","Match Descriptor Request, Nwk Addr: 0xfffd, Profile: 0x0104"
"824","07:26:27.253491","0x50e4","0x0000","ZigBee","43","APS: Ack, Dst Endpt: 0, Src Endpt: 0"
"825","07:26:27.254035","","","IEEE 802.15.4","3","Ack"
"826","07:26:27.304668","0x50e4","Broadcast","ZigBee ZDP","52","Match Descriptor Request, Nwk Addr: 0xfffd, Profile: 0x0104"
"827","07:26:28.703433","0x0000","0x50e4","ZigBee ZDP","65","Bind Request, Level Control (Cluster ID: 0x0008) Src: ff:fe:70:2c:1f:81:54:79, Dst: SAMJIN_00:02:05:92:fc"
"828","07:26:28.703981","","","IEEE 802.15.4","3","Ack"
"829","07:26:28.726221","0x50e4","0x0000","ZigBee","43","APS: Ack, Dst Endpt: 0, Src Endpt: 0"
"830","07:26:28.748877","0x50e4","0x0000","ZigBee","43","APS: Ack, Dst Endpt: 0, Src Endpt: 0"
"831","07:26:28.771533","0x50e4","0x0000","ZigBee","43","APS: Ack, Dst Endpt: 0, Src Endpt: 0"
"832","07:26:28.772077","","","IEEE 802.15.4","3","Ack"
"833","07:26:28.794368","0x50e4","0x0000","ZigBee ZDP","45","Bind Response, Status: Success"
"834","07:26:28.794912","","","IEEE 802.15.4","3","Ack"
"835","07:26:28.817379","0x50e4","0x0000","ZigBee HA","50","ZCL: Report Attributes, Seq: 2"
"836","07:26:28.817923","","","IEEE 802.15.4","3","Ack"
"837","07:26:28.860323","0x0000","0x50e4","ZigBee HA","48","ZCL: Default Response, Seq: 2"
"838","07:26:28.860871","","","IEEE 802.15.4","3","Ack"
"839","07:26:28.883111","0x50e4","0x0000","ZigBee","43","APS: Ack, Dst Endpt: 1, Src Endpt: 8"
"840","07:26:28.883655","","","IEEE 802.15.4","3","Ack"
"841","07:26:28.902061","0x50e4","0x0000","ZigBee HA","48","ZCL: Default Response, Seq: 2"
"842","07:26:28.924877","0x50e4","0x0000","ZigBee HA","48","ZCL: Default Response, Seq: 2"
"843","07:26:28.925420","","","IEEE 802.15.4","3","Ack"
"844","07:26:30.546779","0x0000","0x50e4","ZigBee HA","55","ZCL: Configure Reporting, Seq: 102"
"845","07:26:30.547326","","","IEEE 802.15.4","3","Ack"
"846","07:26:30.569566","0x50e4","0x0000","ZigBee","43","APS: Ack, Dst Endpt: 1, Src Endpt: 8"
"847","07:26:30.570110","","","IEEE 802.15.4","3","Ack"
"848","07:26:30.592482","0x50e4","0x0000","ZigBee HA","47","ZCL: Configure Reporting Response, Seq: 102"
"849","07:26:30.593026","","","IEEE 802.15.4","3","Ack"
"850","07:26:31.751365","0x90f7","Broadcast","ZigBee","48","Link Status"
"851","07:26:32.106518","0x50e4","Broadcast","ZigBee","51","Link Status"
"852","07:26:36.920437","0x0000","Broadcast","ZigBee","51","Link Status"
"853","07:26:37.212090","0x50e4","0x0000","ZigBee HA","55","ZCL OTA: Query Next Image Request, Seq: 3"
"854","07:26:37.212634","","","IEEE 802.15.4","3","Ack"
"855","07:26:37.250727","0x0000","0x50e4","ZigBee HA","47","ZCL OTA: Query Next Image Response, Seq: 3"
"856","07:26:37.251274","","","IEEE 802.15.4","3","Ack"
"857","07:26:37.273498","0x50e4","0x0000","ZigBee","43","APS: Ack, Dst Endpt: 1, Src Endpt: 240"
"858","07:26:37.274042","","","IEEE 802.15.4","3","Ack"
"859","07:26:39.715932","0x0000","0x50e4","ZigBee HA","46","ZCL OnOff: Off, Seq: 103"
"860","07:26:39.716479","","","IEEE 802.15.4","3","Ack"
"861","07:26:39.738703","0x50e4","0x0000","ZigBee","43","APS: Ack, Dst Endpt: 1, Src Endpt: 8"
"862","07:26:39.739247","","","IEEE 802.15.4","3","Ack"
"863","07:26:39.761730","0x50e4","0x0000","ZigBee HA","50","ZCL: Report Attributes, Seq: 4"
"864","07:26:39.762274","","","IEEE 802.15.4","3","Ack"
"865","07:26:39.784678","0x50e4","0x0000","ZigBee HA","48","ZCL: Default Response, Seq: 103"
"866","07:26:39.785222","","","IEEE 802.15.4","3","Ack"
"867","07:26:39.805503","0x0000","0x50e4","ZigBee HA","48","ZCL: Default Response, Seq: 4"
"868","07:26:39.806051","","","IEEE 802.15.4","3","Ack"
"869","07:26:39.828258","0x50e4","0x0000","ZigBee","43","APS: Ack, Dst Endpt: 1, Src Endpt: 8"
"870","07:26:39.828802","","","IEEE 802.15.4","3","Ack"
"871","07:26:39.867814","0x50e4","0x0000","ZigBee HA","48","ZCL: Default Response, Seq: 4"
"872","07:26:39.868358","","","IEEE 802.15.4","3","Ack"
"873","07:26:46.747024","0x90f7","Broadcast","ZigBee","51","Link Status"
"874","07:26:47.105237","0x50e4","Broadcast","ZigBee","51","Link Status"
"875","07:26:49.311280","0x0000","0x50e4","ZigBee HA","46","ZCL OnOff: On, Seq: 104"
"876","07:26:49.321114","0x0000","0x50e4","ZigBee HA","46","ZCL OnOff: On, Seq: 104"
"877","07:26:49.321662","","","IEEE 802.15.4","3","Ack"
"878","07:26:49.343885","0x50e4","0x0000","ZigBee","43","APS: Ack, Dst Endpt: 1, Src Endpt: 8"
"879","07:26:49.344429","","","IEEE 802.15.4","3","Ack"
"880","07:26:49.366897","0x50e4","0x0000","ZigBee HA","50","ZCL: Report Attributes, Seq: 5"
"881","07:26:49.367441","","","IEEE 802.15.4","3","Ack"
"882","07:26:49.389829","0x50e4","0x0000","ZigBee HA","48","ZCL: Default Response, Seq: 104"
"883","07:26:49.390373","","","IEEE 802.15.4","3","Ack"
"884","07:26:49.444806","0x0000","0x50e4","ZigBee HA","48","ZCL: Default Response, Seq: 5"
"885","07:26:49.445353","","","IEEE 802.15.4","3","Ack"
"886","07:26:49.457579","0x50e4","0x0000","ZigBee","43","APS: Ack, Dst Endpt: 1, Src Endpt: 8"
"887","07:26:49.458123","","","IEEE 802.15.4","3","Ack"
"888","07:26:49.480526","0x50e4","0x0000","ZigBee HA","48","ZCL: Default Response, Seq: 5"
"889","07:26:49.481070","","","IEEE 802.15.4","3","Ack"
