"Time","Source","Destination","Relative time"
"06:43:48.188599","Master_0xaf9a8c6b","Slave_0xaf9a8c6b",""
"06:43:48.244923","Slave_0xaf9a8c6b","Master_0xaf9a8c6b",""
"06:43:48.288977","Master_0xaf9a8c6b","Slave_0xaf9a8c6b",""
"06:43:48.340922","Slave_0xaf9a8c6b","Master_0xaf9a8c6b",""
"06:43:48.431763","Master_0xaf9a8c6b","Slave_0xaf9a8c6b",""
"06:43:48.483668","Slave_0xaf9a8c6b","Master_0xaf9a8c6b",""
"06:43:48.529399","Master_0xaf9a8c6b","Slave_0xaf9a8c6b",""
"06:43:48.584085","Slave_0xaf9a8c6b","Master_0xaf9a8c6b",""
"06:43:48.629916","Master_0xaf9a8c6b","Slave_0xaf9a8c6b",""
"06:43:48.685978","Slave_0xaf9a8c6b","Master_0xaf9a8c6b",""
"06:43:48.777267","Master_0xaf9a8c6b","Slave_0xaf9a8c6b",""
"06:43:48.830295","Slave_0xaf9a8c6b","Master_0xaf9a8c6b",""
"06:43:48.870172","Master_0xaf9a8c6b","Slave_0xaf9a8c6b",""
"06:43:48.922374","Slave_0xaf9a8c6b","Master_0xaf9a8c6b",""
"06:43:59.110645","Master_0xaf9a8c6b","Slave_0xaf9a8c6b",""
"06:43:59.160489","Slave_0xaf9a8c6b","Master_0xaf9a8c6b",""
"06:43:59.211803","Master_0xaf9a8c6b","Slave_0xaf9a8c6b",""
"06:43:59.263056","Slave_0xaf9a8c6b","Master_0xaf9a8c6b",""
"06:44:01.111211","Master_0xaf9a8c6b","Slave_0xaf9a8c6b",""
"06:44:01.163142","Slave_0xaf9a8c6b","Master_0xaf9a8c6b",""
"06:44:01.211137","Master_0xaf9a8c6b","Slave_0xaf9a8c6b",""
"06:44:01.263069","Slave_0xaf9a8c6b","Master_0xaf9a8c6b",""
"06:44:09.302703","Master_0xaf9a8c6b","Slave_0xaf9a8c6b",""
"06:44:09.350642","Slave_0xaf9a8c6b","Master_0xaf9a8c6b",""
"06:44:09.398566","Master_0xaf9a8c6b","Slave_0xaf9a8c6b",""
"06:44:09.446180","Slave_0xaf9a8c6b","Master_0xaf9a8c6b",""
